Index,non_susp_addr
0,1HJcC7gWUx1qRdZdCD8vtvj6tPoUhiPw78
1,35Vasd3WDZ5JW5fogfh8PdWunywAFNctBq
2,1F2SgcnuooZMDNUarUxptCizL3xegfSaUo
3,bc1qy9lz9mhj5k8h7424x6krpemy03sr9mng2e26aq
4,37WsZdqXcmm3PwTXFSVxnhTxrjAdUfvpjb
5,bc1qr73w7tfqfdq2rp9h96suwzf7pyagkd87pqkej3
6,bc1qucp0e3tu7d4mglfuxu8zg8e4ecdmss6697yz6k
7,1KQsonosaEQqtbT7EGiEXB9PjmZZ7ohqVV
8,15jsNsAhG7KndoM5CytwAjfu5yzs6P8FsJ
9,bc1qcpjc957g0vzhgnlehmpfcylupe6rplu0h40p9g
10,bc1qdqsvcd92kx0yl6ffn0dwxx4jr9ekmnhgzu3ya8
11,17DDiNxbNxavrueeHckWzHSu5YGkKikcH9
12,18iTxMVBp7MHa5T1xi3MhvqZx5o8dBc3kt
13,bc1q77aanvzzppcp7nxchrna3c556hf5fhldr8rhad
14,3PE4ubMYDZTpc8AuNj11jy7Dmw8XvJUZ1G
15,bc1qhkzu5k4drd7049q58jdp8aska7m0xg6rf8dmks
16,39b6iNYCK711JcEQA6gUmJA6n2Luv79cDy
17,1Dto3B5fUApeQLAVQFVF4jfSkazz7xbVrV
18,17DUKQ5za2jvtf5GhEAa9jqGT8FLKiiaDo
19,bc1qazdm93efl4v3g4pnxh9x00mcfante2mct6hghk
20,1742phkbuyy5UTCP5k9Y9cYm5feWiTALVu
21,bc1qjettv8tuahhu3srtx25vkqyx67fz60ghkzg80h
22,1U9YEAssWAtszmbCihh23Lg7qMUrVSVrK
23,1MDu6TaKDnjodDfSKDX9LBySrGPRM8mrv4
24,15a4ZQeCSV32vWS3Vv9ttgTuNYmBZmLZW4
25,bc1qrhqt97ay93nsu2ry5l9mfygaaz0x0nr42lf8dy
26,bc1q9xjh2mcarjc5ur7wcfsmk853xzru0u29kst0sm
27,35gmUrkZALpxMJM5D6PaDYbagsrBM5Fmky
28,12rapChvUeAEhM12RCjGx51j2i37bWfeoE
29,bc1qlvj5e4s8s0dj4jarluvpkhu2h44e76ttmskmlm
30,1FKTDDfAE7eJamPpUHxwKv2RWsG4539S1F
31,13uj8bfsxSWfv1Xmsaq5cLpbkAiL87gkjZ
32,3KwN7BHgr3q1VvHrrNuDRgoh2jbnZdexHL
33,bc1qqqp53p2cls7aqe67564qv2llfvvjdtwrqu3jnu
34,bc1qpxu5al40shkczg2j92vjdky4shyck9whaz8vuu
35,18a5Dxd9ZZPUxQwSr63jp6HDb3nbAbEVsU
36,bc1qx64j7rehe9uugz4kxsd4chhj4c5ngqerdfq6ks
37,32msfjTQA8VHv9PTgC6ZVa93hgadMG7GwW
38,3HvnMzMMhrtVDWqo3SzDbPYQdGCj2jQWX9
39,1Mj5EthoAzy1LPeBtFvuXh4rvkQnoVjAF3
40,bc1qs7w8k0sz57y8h0a25zcv39dxnn4hu27hzrl8qa3e3r46xhjwre5q3day9y
41,bc1qllkxdaz65uutltg9855vfs8mtskn07pm67df59
42,bc1qkk2pxxc936rcee0nzwqmwgl3r9h370m7rk9dky
43,bc1qd8km3a8zedtwml2tls57vhv9hmmtl0mcdajvva
44,1HBFukz516dF8Xi8oBDKSnFnVZvioc9av3
45,3BHBiVEg2HwUL3K1ShtSuKcqXro77dnJ8i
46,bc1q7qyc9938eza79um6pup88gqk5fqkwhvhfrk5nn
47,bc1qpjlmtdrq625zn4q2xdq7ehuh9xlxwhacz7ljv9
48,bc1qz0yu06lya5awdpl698m8dymtgd2uud9x0x0jl0
49,1HakyE3TxtL5YYEADhBG55BbWjfLviidKC
50,1A8F9vTmWVmxX39FwmqvMBbwh4Q7tKwCch
51,1NJT5a2Cn2oJA9noYi7duf8ZdTyevfwNKk
52,1DzobEBGdzELV7gt4BjCM1k8PD2JTgUjy4
53,1MkopqaJoLf2sR7ax1DtC3Xrzz9AaYKDta
54,1mS1N4YRftNcr8Hgo4ZGzc1DJ7LfkkcAG
55,3QEgLBuRN2UtKRjLcYABNiQ3WaEQdoerAj
56,1DyXNMqQEGGzZrdRQfjr3CP3oojV3FdQk2
57,3JjQWi3MaGaPDHTRKYKZuJjb7AEPjyKgu2
58,3Q7dqbBxAX7mKibuQ2WaS25JR8W1v6P75a
59,189A4a4QaBT88LogWcmhj4bVAZnwyRfQXq
60,bc1qsfdjnaa44586q7en84fu44cgfln9cwt72kmcyt
61,1GkmCu8TM5tEXjwhckfxtqVKhcs16FTExB
62,bc1qye0agrkt9sex3lwlumckw066k0d2jqz39m09p0
63,bc1qsmq7xju5w3phpywyuag2xvkqyyqmq5mceyj8pt
64,35YTmome97aPdTkNoDDccLPjCcYr6QFhzd
65,bc1qd0cxqrxp5fpuwf0yue77th27da6yd28l3d274x
66,3Miwe58smcB9c6UU7yPJiHtkmx6dTJ6ok5
67,3HeGzmwSEpd42FLjfxUVaT6dnV8ks6UXeB
68,36AG3EnvSeYimN4HH4WbjKk9bHc9MsYCSZ
69,bc1qu5lkktkwvwvwvwnnd23t7ntqcnr89c9mskx66t
70,3FWeQuAJ92asb52erMje1JDo1KM3KfmHgs
71,bc1qtc8ph7pakt02ty27pd4kuehu0774ee2xc9hzwh
72,1E9ViMrgSYMNnnZdDrNTRMFAgZVTs9MiRk
73,13KQCYvehPaeQZnD6xBgPsR3JqrjEqseKf
74,3GAKX1qNY7Y3XKe9kdHmiBzMZgS6EgJxAH
75,bc1qrqsafz9xh6vpj7f55hpk9m5w5q2p0s3sednl3ysfuavdtx4z670qde02kp
76,bc1qzuhmd7p7muhmm9h5lerpg2c7c67qd2pz7wvy5n
77,1CT9zFwsGCdwN6FR32N5RNjW5ZZmJDvkSW
78,bc1q5td8ju0hvjl4ffw95a266k25jlwg9nlhpgq720
79,1BoXc4njHh5bVcQZHNRSfHrHHRHqQ8BEi3
80,bc1q0ywjqt3nnqvxsg9dh42n8pwqzh3jwr675tv6jt
81,1HgY38g4X2xhjCvUrERygeK9Z1T4cMxKaV
82,bc1qs325r55me5cpx8xr97d70y36l2uas5wpnqx6ctm5hqvyxahmw29s6m4v6r
83,bc1qc967v46wz7hcllpdu4t3s8e9cml0h8mwhgd9hy
84,162N1UxdEQBfHrE7u3B41UYK9ahuAtuZw7
85,1J3Ft5gz8ZbDrHWLtHh8cCGxShGdNYsi6w
86,bc1qmtgkuwf4h7gnhnwd4kcv4r4lvsmfzaawrznl4u
87,bc1qhcme70shq7ufzapy4a686fhpd5wqxtdnyzq246
88,35xrxpZDy8C55U7DQP9Yw3jQEzkikA7BhV
89,1LLJd47bia9Kr9VDdGpVSzWv4pmpvEGkJz
90,bc1qtm8y66clxv5gjfa3s6lzr4e8pzqlkc2qxy68g2
91,1LBs5YUVmk4sbVjdU2S1gcsdiq3CJnsgtU
92,3GgZf6hrm3MVxJEHdhYjmiypQuWYE18ij3
93,bc1qhkwzhwmqsr9ce7lz4rvt4u0cs4jjujyvneum28
94,bc1qjkh9t33sq39y28k2e682p46mxqa4053zfacqv6
95,bc1qy2wvxwvlv4lpyl2yyxjyt4sfw5tx3jlffwx5a9
96,3Ks65FLqBjc9KvVfynQMy7oQnEd4gHW7BD
97,16wDPpzcieEGTBNwQqRaDmxP2iQxBztT2W
98,bc1q797whglnhfnqn3762y05z65wpcg0ga7ldp6d39
99,bc1qdyqudhggqlxjecm328smup9c2mca2p4lmp84lu
100,12672ziXDn413e1uVUAYsCQ3EKyqCyG4yX
101,bc1qhgx3l3ank7jfmq2suaa2z0lcvtpe702v787cx0
102,bc1qnycjqu8nv67q7ndlp7mhj5zdm0p07ra3su6q4v
103,bc1q8are9en9txmfmmry4vjaq27mhy9xdfgflsejt6
104,bc1qraup9aq2muztcr3y63d9xntcj8hmd42r54uey4
105,3MXWKnt6CRXRHcVm2fyLq4SdG2FQpDPUux
106,123pCuHwTAKfxcQH6RoEiBej5FasyUHtab
107,153tmsUvyxurFt2WYSkbFMUS6FAmDRsDrC
108,bc1qaq2v2k2h0kccjjxsrac9w4aex76puzklpayejn
109,1MSFYwK9V8yazh62qT2ZYpv8289cWMBWfq
110,1Bd8eNujmCkJCih66FskuhUbBFArV9W4cs
111,15EBsPg1j1ZtvYtPfYHwyYhbNmrfbYQ7Tq
112,13HJJv4mrCMZR6Qnx72Ho1idc5taECscfx
113,39WtXTwfAbkeEFAHDfXeHDSkTtAGHpdSJP
114,1YFrRMSMFsh8Kiph5pC81gKKPgo9dc1Kr
115,3FJrhSPXN9fPMvgFMTRovMNU5zS2ZfKzow
116,1P3Ze3thLK5XRVfayEqW8E8saBXxp59e1v
117,3ARs1bQKT3xdwDdy19WrP3SnCgheDjEAgb
118,bc1qqp00vww4v72uctahxuh2lmtqwxwes3dn5kjhsy
119,3FhvwkEuzCFTK7Zwyi93MY6D2NyU8PUSCt
120,1BmnyQbwuTt6zKpDdz8P9Swb35peu7VBTu
121,15FfiWaLDPPuwHcdYd8i4tNYmSHsjcC2iQ
122,bc1qj8rwxusvayny3da36ar7g8d4mv8fa5mmnkltez
123,1JoJL8bwb527z41eiWcd8iwoALSxjWpCSt
124,1LpVM4923NLRt456Ye2jZV8BhgZVXsTTcW
125,3Lfh9MgFXkzsuuCE4GYQiGTbjK78wWgWvd
126,1PqpMg8R2u8kcLBCTYxtFQUDkW3CVsT8CC
127,36afhCXFV3ks8LFgEg3PWSoazxv4VFxrcf
128,bc1qycz4z3nlzpu2e6qhlud3deyd8yy6tradtupr0e
129,bc1qn7q06u62pa5qfa4z3xf6ptgaa2p7a7lp00exfm
130,bc1q50f5m4d8rntj0f84yn6p5qc7e7pnxlvsmzafxe
131,3JEAErDcKRt3mV7tSo5e4uYjnDR5bGJc3d
132,bc1qyyatwnndf7hu725sg5ggnz2u9l9reww23uyeuy
133,3D12iCmZtBrHvjws9Xdk21rjZYpkih55yT
134,bc1q2zhxwrfycj8gk0x86v7gtedxfa8a6fps4xqchp
135,3MoW7uHmfphqQQr3siTKvRATW5bNVbT5CC
136,35xugUa2FK8sYGq77s3ULpiTEd3W3nSXjv
137,3DsXh1z676CFjnFvn35wnKjYqNuGHxpjRu
138,38haN17iZP8FDmDW4QkuCRW4BFeBWNdvSr
139,3QtXTrdhFJX4wq89W2qS3tfe4UmAi29PYv
140,bc1qmr6s5v48shuutdhfgvekktlklr5c48adhw8yye
141,3KaDYEZDAULrdcrL7Axdm6xrGDWV2Tzv4K
142,114Gx3qmwJK6C9x9SgNSqietDqP2RBZhaa
143,17iXZCubvRSkwXxcHzq8qpLnsWqhgNDJ6y
144,1EUp8KAu3j6gYCyNFpb1HW8hZLn9uDWozE
145,bc1q7hjdacdnp4wzz6sprmvn2776mum397tnrnr679
146,33QtrvxusGy13JVaktNTuV6zZAfbLmQ4ud
147,1H7dSYvuVSihocj8f7HByDsGeoYt3bYsoW
148,bc1q62ng0w6ppeu99ww3m7c8n4xscc787aaxa4pvuz
149,1MddxDBc2pQXCLQzBiLjrRiz98bTRT94Dy
150,bc1qqh4w2gwwr5v950xd7pcfjlsxpuagf6n47cg9tf
151,1FZXSaCsDMrvi1qWbXyg4v2NMSBVP14cyd
152,bc1qjdtk5cgfqgn9what2aj9wgp426ut6rkkkwc0lf
153,bc1qly995334s08rc27wjgtkhfcd6dup4rks0zh6j4
154,363uaQ4UbC3dcFR5yJcAUvMSifZK6qF58g
155,13kQNeXQ9bkMTRhWfpRc3tSBW2Rp9KKKrB
156,1MzzWK2q89hbiWTqrtsyfn1w2fPoZNUDPk
157,bc1qy4uuj349xu2ggmldvq8uyrzvv46qcsk0mt8p54
158,3AtciwCdT8pDS4mmdNYoUVAaUcFMdEKLEr
159,1AHpL2ScgHw2HNvotXv3KNzNGWt7fAtodx
160,bc1qcvlq3ds92kpj8mufwe066qgjtdcwjsmz3tgfdl
161,19aqY5c4rXUWimk5WRqnFdDWDcJCwKxdD7
162,14yyhFFC3ebKsyHhkSqbD6KJFmvWg7TBBQ
163,bc1q6kl8lucxy3lqatkapxz48ey0f3hkeyv99xhwwl
164,33bbh8EmcmgmNpBMUjxZWTRoaXh6CpkRKt
165,122E8xU1Ry4dU5BjAVsa85XLHDhTB7hskL
166,bc1q6wsutt3l79svuc5xt95vpe6ya0pspdm62y2nvd
167,1PLWDKc7KG55353CAKZPhgBiCVQUJ9KfCQ
168,bc1qfnex5wrh6jqrvzc6qfg0x303sq3e8d94572042
169,382NhTYSmFvC8nn6xpH85fj7MErvup5j5j
170,bc1qgmw35uvxq84vqk04t79strwjcnnp28g4dnx7n3
171,1Gjn9t2Q7VTU9VYwgrdkp397DpC93WaDAz
172,17nQ9TZ7GPG1gB7Kto7mG7umrS5X4gvHZX
173,1Ask2y8GHkoh3foBNys4z9sHvQLwUh9Jib
174,3AjJyB3PLndWfsmwDvsTJ1zxA5hqHhjiUM
175,bc1quutnw30m5e676f0sa52nwpgpzj6299xdclqhp8
176,1CcRmaSxF9WwmHCs17Qk9bxDW93A93tTsF
177,bc1qc8htp4pzfju959f6nu9fzjffnpu45y23vdfa6a
178,3Fre7RwxxJiyNSadH5en59ZiohM4Y7TkUB
179,3N6BX9PWVBmME2PKpF8MzkRGVTSreBi6Cr
180,36rzinF1LoaohsrDKVpAjLjJsYBmZUNX6u
181,13SUVVB1QZoQE8Hyiyum4yEo4Efd8LxyPZ
182,1KQHrP68DYextURS2FWqk92QqSsDGoh3aP
183,1Gg14YDE8KBcuzoqBHy62t665vWp7Sfco4
184,bc1qamexsp33tx5jhlwunprcmaarmahh723wfua07x
185,bc1q3vnvmvtjl3tkptgdc7hf4sw90avszca2mhgk3l
186,36zU24BHhPzmEv1RaAB5Qggvdd7C6KU7bu
187,bc1qd24fpgd3ta29w7xn98hehr6fm7nvyct5trex84
188,38h8QLiWCGRqRbFFaUTKVd46aopLtFfeor
189,bc1qlfmg6qt5qkvsz76m32nfujjffz9ernmkx4knex
190,1DefyjibejSozRdZjPjKE1SQ7M1Z8UqBKU
191,bc1qfsk6us8y9774gpk8wyhpjhu99k25p662n86t3s
192,bc1qygtgn6l55kacxq0l0xnz02fm0jtq9g0n4wyp4g
193,34KCF17t3G2zdQsQYQEhWBnSnLSrfkxYMF
194,3J6T8BEaZfd2EFfrMAP6WGWfSk91pnk95j
195,1CniBXs4AzWnFqfewEfFGeNXrYWoDwtv4T
196,bc1qqgfqw35vnq9499fregp8gcuy9u4c9a94u5vckf
197,3MtJMPqwhRuMqneHeotbErGqeBV6fC2UUh
198,3Nftzeho2zDJUEeur6SEgG8YcG6Ekbju8J
199,3AmtH2asnFDBsPuynUhkMypXTDzsa7gwkU
200,bc1qe5gt9stz0l7nsh4u5zk8a3swq2s8kds6r257n6
201,32ZjiaavqJphp6oDf4vpiVuDP48MGwyeCg
202,bc1qd35hpqs9c8w68llcnjqprt46ep4hr0va0mtr73
203,37jAAWEdJ9D9mXybRobcveioxSkt7Lkwog
204,bc1qdppjcqsqmz6zncu0mtgn5gwyqglgfa2xxfq6xj
205,1E4yQrKkSXno5VUWc9MuWGtvgvEJ4SrJmz
206,1C6wGjnK4nfdEYZYbLGsQaqWUswDW7WrJC
207,bc1qmd4zcc2dtn7f5wll439klhs9gd0u2qpzjmw95s
208,3AK4Sfv2iH1PmEwNo2Wy1sMYewWwjyb7z3
209,bc1q732gec6qmqjje80dr2kyfytek6ean5n33uga5e
210,3DfTabDLcXe8kafB2mvy6UPN3mK9ZQrJc6
211,bc1qdlnntv9lnrpd6hz4qajnghd36av4re4r6k4hchx9ed7dral6z6gsy8dqqj
212,bc1qqaadq7xtv49jhceh4307znu8asmz8rj2mkqfvk
213,32Mf4hkRXAxhrkY2EjrzVcX8diTPKVEfhA
214,34ox4rD2EePhjN4gGFR9gDzZpQpeDrjvUr
215,bc1q8pglw4lhx5gej3m0ea5yvc9desuf9wcj4wswyk
216,bc1q47c6x5s3zxwvj2dwtkafp9lf0axplleexumzg8
217,bc1q4ngdwxnezmuw4ykrsh5tk36avph7dn0ne4ykwq
218,3C4FYaPZ4ARcZnuMp51ni7fFut5NTNJbh6
219,bc1qylzkzwqgw0jarvy7wrnwx97zg4wcssfejdygn4
220,1H2p9YbP7T7MwGLBu5K8gpoPHVei6vYa4D
221,1AYRSXNduYwtGPdNJC5m1Ez257aSLLpF38
222,bc1qxp85vlp4hu2kacpe4wk7tzywxgj83pzpq53efu
223,bc1ql2sftkx4ssw9dwr5hug7jkjes7qdng5mr42jf7l5vlwg6rqttv6qgekhyy
224,1GfZ9r4kM4xF9MAtqVJCM5ym8HPcKQi6am
225,bc1qetdp4yfuhtjltctfu6lm8ck8j4r5knsxepg05e
226,14T5peqBWB7JNyqZMwDKMi2cP58K3VQk3K
227,15vmt1Cym4DeZp6FqEYm5EkyvnbesRHGQu
228,1J4PkU4wN139HP8boegmstoAatWzFjMiEZ
229,1Kpper1phERjkVnxLe2hXThY395sVmKhfz
230,12Tm595X9DxQVatb2fHwYp3si2JjhHUkPX
231,3Ms7UwTvcj6E6A41eKKVGE3hUgCMEsmRLE
232,1MrYdMtKs6VgskaWJYb5q1rHWFAiegXGZY
233,bc1q9xv06ygkwr3ltz5gnes2wvchc36exd584r9x4w
234,bc1q68m3csh0llkhcvngpc5kl7dlxq802g2xth2xgp
235,bc1q4dj5q2tpptmyajdhh6jjsff59t6le6e6dn32emysj0mfvksvc9rsp3mvdv
236,bc1qxhsh2v8e6tz3y0js2sctcu5pjtu7cm783k8e0c
237,357KvwEpH1Y5VJaqApfJZGgafbstwBU2DX
238,bc1q730ark6we9u59ujxp5lczyycyq6n7rhpk95tzk
239,32iqfwvE9D7oAGoF41i1GMFWri7nE4uqnF
240,bc1q3fjgcaqp0wh8zajyz3fehnj87xfkd5my3zxulc
241,1CdJ9cVVbvzcQQH6pGmiPY3LY9XmAeTSPE
242,35X5n3thgGoTSbjZoUbugpt7hH7KRvr8mQ
243,bc1qlmmxysvnev4kagtunar0lqzsx6y0ajykm4w0lj
244,bc1qwle384wtwz0hrf0ksgzttufr485xzsww46xgnx
245,35vuH2ae1Fa5yxN8rDBV5h6hXq32gfAxqG
246,1GTLHyuGsHouo2gvA8iXXK77DmBhqxHesw
247,1P3c5NjaT4rpb2QEYFbrMAb4X7fm5KE1KL
248,bc1qt6r2t45f8nn0tckjt6299a6w8tasep6dg4zz7c
249,3Li67KvBmt7p12yzq1iujF7gXEShXRKUsd
250,bc1qddvj824qxz4pqzcrrwc5dp40ujple74m44apsj
251,1BiHaiY8cTnYFGxA6v6PuMWaH6EPCQa3N6
252,bc1qd7cfmpr2fuxp36t42y3uejqnyum2mm85ynwnfx
253,1LLjnSiumpmcLJaXnVjdicNwcCVjgAyB2R
254,bc1qla5lw350vjx6k4h6spj2wr9px7jxhxduy4tndt
255,31hMfRoEqHTp55Qjwyfq5VCMguQ2u4e6WU
256,bc1qvhccmms5p9gglv3pmpq7svdg3r75y5tujhmex6
257,3Bm99oWTc7Eebrv4TEUBTY86t4AFXSdPRK
258,15h79ckVebLbMB99Vh7sJfeNeDc87EDY72
259,1AKeU6GsEEjEMwESAHUfFWWsKWTmh5ArVW
260,3D3JvXjCnUDtgXWjTgASn5ZGUcH2Q9FdXe
261,bc1q830qxkaepktecu3wfg3nhdl6uwmve0tnnp5zj0
262,bc1qetck7lavvk08nk9dkmldmwlnrsc7csm903nmgf
263,1qcKUd1Bq3JppUmtYcsG4Aj7LUoD1aVb7
264,18hr1zNhcLeaPbMsEV5MvMsGioGhu3dsUS
265,bc1qaez50rqyks5akadzvqerylqzneuzpnfcndhct5
266,bc1qfj5lnm486237yvp5pun2rvefwupkjx4qwrc2aj
267,17b25rRpyJcBXbpcyvyjNUFfooMLB5K247
268,39hCj3X5bdvHqUEpS2USrMKUUihSb8xaom
269,3PbPj3Z4KfgvdHco49UGf6FYR7mhEqqx7C
270,bc1qercpzl37rulvd3ckq2qptm3xzjnk9vlkm3es98
271,1K5XodrpBbdpG49ftVCKje1zgNCKXKf9fH
272,15j8kdPJ5gCwLQB3LmFLCGC1KjrohLF8jy
273,bc1qk397jsqc5z4ruz6pcn0er96hvadlv79dp2avfu
274,bc1qphu6vfr2pxvtdz3qj4uwm32wxh4rmx8ypsyns4
275,bc1qv9yldzzn8f50jtt3vfp5uq5qm8yhr09lfefdqe
276,bc1qu225k376vuhz2ryxhpx92y3c5tehwd4h0q5zma
277,351Fqdwix8q6xuSKFSFSTBv1gLqqgrx97t
278,1JJwzy6ZsMwTYwpthug2FHYiWBejtfEjaa
279,bc1qr8ancf2ge0z9m7a2h8uz0lf04m83vx0d250vw8
280,3CVb2s5FhBbdzXeQmJtH3dPyUQWyv3dyL9
281,1BESC7wnqDHd8TKT6cs62FiT2FvHvm1Jpn
282,3FdPkndBHtr4vKpQBmVk7setJSCd9bzuY7
283,1HMnhoQxjNP8zXSEYwap1jXr7b1tMhU3Fc
284,1MUbwMBo76E2V2ds78vGAnqxgP9f7KivkM
285,3B2ctWvyFM4W4F11XeWghoPGAGjt2RaRu7
286,3KiskLEtqiTx4de9whvtQfTH4o4ZReADAF
287,1MmP5Sjnaf8YogEx6MHo7JWDosEfJFka1
288,17VLhMHjXqWfsT6euVJKrQNADZTF6htkvp
289,1NzSrinv8LYnCnf784gWd828z3EHJqD4ao
290,bc1q3l3xv2ttd70qyaecw7sm7p8a5c5vg8skqgvzec
291,3Qpbj2Fy7FCb4F3rntX8ibe8812LxhU8Vi
292,3DLqtSKiuyXb2bjhnXjSJPs51ybtw8dQMb
293,32pbdY4p5XJJh1v2u5n8kuZNisrFfa5TuW
294,3QPy529VNvcgXpCef3N9HtVtCEujrDiab2
295,bc1q7pmrsltq2g8t6yy4w8x4kmvuumfspxcpf8ehar
296,1JeXG1ezKBUFmPFdyLZNxpQNeRo92uY5Cb
297,34zTTqgQFcU74ZTLcXUYUe2WzeEtjyEoBc
298,bc1qm9j8ggfgfndlpsskcg5vv0cvfg3y6v3ssffxluws6npadfq8hs5qgfdy8m
299,1L68c65E8G5egiw4h8V1uTgCZCzXMxW62o
300,35SF72tD8WvbYeBf3vNiRwPsUmH6QKTzWA
301,bc1qv23kdfs8kjywxuu9gg0xszg2zj0f5h6hmqqkft
302,bc1qrq3dz5axytp8gfducgg274huvk9v6457rvgxwn
303,37i4qMFkZCB1ULNevzmnJhaKQpeKbVYAnp
304,1KVU6k6hFEmmKQCE9Gkr346NvtMQBVTnZp
305,bc1qn0qd8ajjy3h64pc6y2fwsxdgckumx92eda9am8
306,1JJWXpN9WSnrTfo2dK9cq3uiWqKBvRZ3FS
307,15H1uUigSRNqF3vcdp7mzVeHRN66Nsy2HT
308,34ABVv3zsx4T9eyQVaJ5iKHSCzD72KivbT
309,34qr44V8aeByAK7bVA3b5LS4jrB31CjuyE
310,33XxfMBuFhJ8C5oXrMXrGCaZyEghCcoiaY
311,1Hi46faYEUJpvARZeqtTkfnpJh7jVFamaU
312,1zfSYhG326w2Zdx61jBvijqfpGxaJE8jw
313,33Yy4V3bdwD1ChCnLcMtzU4HX6CNXouM3R
314,31qbHaZE9Y3dz5yD2LRwkGjK3x1VfwfFLZ
315,18rGFC4fkJCJ4D6uiuw4jgCTyW2sTSf5gv
316,38gqxxXukVgwHYpoXhwqRpdWHy7zMiwGef
317,bc1qwc5an8spsc0zwq3psfz0607rneg6u4swjjgk6v
318,15StMN7DNdfCYVCzoSR5PdSkPDAfNBkska
319,14SbpJcfK2VZVjxnytmbUNBkUEuN4JxmDo
320,1N2WVHi7nVF5cr326ZjQ6qBmgqLXHoX5np
321,3Pkwasnr5iaicmFTv3dE37pJz3L8fsNhWL
322,33nV5fkDjyHwaYwaABgBHjSesqTwkcx2DH
323,3H1SkkbrcxKxM3X3GU3DCyerYXsCox3q1E
324,bc1q096td6uvmcxe0rqwlkpkrtteryukyj74zhjenj
325,bc1q85zhv6tdtydyc2g6rqmggnd7wmz76arjplxt03
326,bc1qsgr0fdc95t9pc5z6tgmdk85qswmmqrk2h80kyx
327,bc1qk0kg4zl954hxy6v5nez682s8l5ww669r42ngp4
328,bc1qvrcgjc8pzcsrz0797lnz8cax25m6w35fj2e8ma
329,38PHcqjow87gAYPGsyiB5niVE6una2P7ku
330,17dDp3UfXHr6B8sEnJW2XmHTe7UtuDqaFP
331,1MXAaJFtq1ct6WbqrqdRWd6HTwUZULLxwF
332,3NfLyNAvPQgX3tdU6mPrSZBaBBvCWkU6rg
333,bc1qhkmpk98guk7lnemhj4lgautj5lamletrxpdl8d
334,bc1qmyyt7d2yvs7vlykecqdzmr97rwgup47zh2qj32
335,bc1qx3qftemd9eae3q2rmgtqvllv8aqnnlp25quj3q
336,3GCHc6KzAAQCC6wvopyLsGcWoFSxSn5Pus
337,1AAEga4CgZWCu63qhaq8PuXtEykjp5Jykk
338,34uS4tc1qwA8LNieC157usiXVaTpEoTQem
339,bc1qehz4aq9szlpjwzjnzrjzjx5ywf753vujj60emc
340,1PT1uQxPUPxsxqXwQsm8EsYqDs3mMmksHY
341,3FCrzRc8q9x7gQmUEvtAc7kefEQyPPLSmo
342,bc1qccsarydzz5ur6as55edpx0gqflwt97jyehla2d
343,bc1q74h3yuml3gwkgmasyy2f07230mzac8eks6phw3
344,1Q6FzhGrdUN5BntPN6MDVK2xJU1XgyNwb2
345,146FdUDkD45WXEyxKnkvbHJA1kew9rdcar
346,3Avuq9MhLgKUbHhe72a9SzB3vhCLj9E6SF
347,3MxKBmzLCjCXBJpsvYpbCnQwjyJzEyFLKH
348,16cSRgBjuQUK8JyJSpEgNaAwNw1tJ6QWrd
349,1CjjJYP7Rqkqf8yjSH4GN64bf6LzojkHJ2
350,1BfQ6AnTTpCxRDznBjjd2YnRuTU6KCi454
351,3Gi6cbm7hNUTNMizsFhey3cjDVr2YW5Hek
352,1Bqc3E9DAUWMdpcpUGWFij1m1fqgG8AVBZ
353,1EaqewGWN5FqdpgHB3houuKMhT3J16Sqq4
354,1D2rwy8BGQH5si6hCYB3yxX6APyJakHVVo
355,1PAKEhPsqXjqdUHNFgQGeKtJPFwfDY7EBk
356,bc1qqkhnftkxuqkuakp50ax823rhde89end82nps8g
357,bc1qml7anxmt8jta2u4vc5zkpsg5ty2jfqcwuzv32w
358,35mbhjdbo1VGSp8eBcRvDVBW32XinMVoub
359,3M9kYvmwBRFDA7EFc1FRjH7VY3xs9xRQkj
360,35hd8hBSykNzzeTK1tQYxcudfmXaxQRCCN
361,3756ZEaiT1sZickR8inNzkRZER2UmWJiwL
362,3AH1QYudt7eUTfkXJYmkBteZP3v5GV6Sz3
363,1FePK3gGdMq4DoWkrkjXCFrWxZG2K54iyt
364,bc1qghsxl8g7y89y6s6qc3ptkx2gmghg5ak6f4rmuy
365,bc1q46qkdlrv6w4m0ukgzcc995y4hlyhetygzwdfs9
366,38iUmBcz5e24VKi7oETPPFpXn53Too8pQm
367,bc1qydyqjl9tpymvqpeeqdeclya2dvhc4nl3fjqq72
368,39w71eihZBQ4A4XDsibNVwobLiP7FyUkRM
369,13GG19U96mvi1qkcSvE35quJTWT3Y3Dnnc
370,bc1quxfe3yyvr2n2d7sqyrwpy8lwjlaspu29mhdeuq
371,bc1qy6ajtx3307cc04t6haax3aakps50veq2tgmqtj8qhl9hhjd285dsrwcp9t
372,1AkUYb2wTJWyWwXw2qE6pVaznyWSWfvXj8
373,377kNSGf5wXRmHBj5YJSLAqU6isrc1vUsL
374,18bqtNCV5LS4S8kcvLt6dhesZqmZbyrSkT
375,bc1q2f5uy50ykd2gz6u2hpdg3twv8zh9t2f9s53yd4
376,36km7PfHEPWH8L7adyjF35tcbco2g554aB
377,16BzLbhfPhKYqCq2FdAqfjtdYEBbrefDQV
378,bc1qnxkqr0q2h6wv8t50ed4eyu0spkq7ch7vkp5y8l
379,1BRtrH6x5drtVKa8TKTFgGbN9zZJBrTjMZ
380,16U8aBRJRLa5kAfSnhPiRwBbPzMe8gE3vc
381,33f8Bpmj2Y9kz4urY7PayxUXvmjCThKsLb
382,3CXqRWDESJ52t17D8vzPxhzj7NwYXRpjqY
383,bc1qrugaq9kgcf6t2ucw5m87ncucxfg3pzpy0z7q87
384,bc1q4je9jnec405su3smnsszgl9q58pw99hrapxt0t
385,193VSQRpJocWfeU4AK6MLJ6ExEXYfU6WY1
386,38wDdXH5921AEzCXMVKbXWxUo99GgCWNCZ
387,3A1fL8pKM1YL9LqcXPTYmPAieuDB4CGTcA
388,bc1qemaea6640kntfy8qzm8gpwfs9pd9z2jc5yn2j2
389,1CD3vvDFtxSJv5KxGtAj5rmhsdgniYayAR
390,bc1qv57t9nkdrfvsgn8u9uzjrhc7csp7nsc7pxmgz3
391,1Fq85tZnG3oF9Zpyt7iXez3wHzGoD8UKMU
392,1GVqGGQLBgNzUQtuSm8WHb8mWgRZBBe6U6
393,1MAZcqg7WXtHiH3gXSyd8HRyZ1rYMedt1Z
394,1ARLg6ANGs8FCavDesy4g43MPbzYBVNktU
395,bc1qycs46egwume49tx3utxxanyngpqzwtayx5jykh
396,1M6L9TxMMXYkUL7yhe2a9AHdqVqU8hWKpK
397,1Bv9uAUHzoUAALTT93tKEgNZhNQNm2jpzH
398,1EfAJVzV8umXXvMCwhnehaTX9AWhcUtpsH
399,bc1qwhlxh976rmru3v22lt4aw0zvjwl2mgyjxqq5nx
400,bc1qx7ehckau39f6fgct2utre2e9880hyuye5cs33a
401,bc1qur5swzqsxaru4ezdrr6925vpur06ntrkx0x9qc6qht6jmkuzzkjsdkq0cy
402,3Jp927eusW9CRAsMA1xYChVTGdhTgLdcyC
403,3AvMhW9HGE7wdmfv5Bazuz2iGUKLZuk62U
404,3JQnvyopcKrsc7hPB1KYwenPuW7Dc1eubW
405,38idVgyy1pu7BGaqEEHnwfU25Fs3Ez6Ngn
406,327Kw3xhgxXfvaJLgmJsWBgzSGRTf6pfVA
407,1HgwL7uzAuH2vgmwsHdC3wQGkqigtaLqJg
408,3NaWVN1eg4n4qhwxnfaPQtmSMffcdY6ESe
409,1FMf5oG2Gv1CTJ4JSZD6ddEfBqLsgbe9nq
410,3Ju1MeCJbM4boPMgmGM2pxUx6gyeoXTXy7
411,16s8xt9AgnbNU5bCM9pk2wKNNuneaGngWF
412,3JHneALsafvKaHDmr7tjLvuyTzG1bqaN1U
413,3HiovuTdZHLjNLVWtex2RCjTNTusEKrtWt
414,bc1qhf2sxd9y4qy6fa8xx4psgurnqhj8x9jegzxyug
415,36VHLgQhR5u2ZNrDWkyvmMAg62rVHpGf5r
416,bc1q0yll9jjmup5llslr08asrhmfj4prl0jtdukrpu
417,bc1qmwpaa0cql0780hl0eqz00pfg3ftg0w62g0f6pp
418,bc1qttwfgvsewkqg5pc9pjxkzd6d6mrj9qp6757ssk
419,15y96kxQUiMGTNsNgLg9G5qQHBxoRcsXJr
420,bc1q70lu62hm3ae9emm8py0hvragzvkt09w0qspuvl
421,1NzVQy5po9EUJwqeJherWfXDvK22a1JLKE
422,3Ao5JHDGcxab33JYyzSn6ahv2d3LhcXyAk
423,1HyUnhaGV5ZX1ojYsSJ4fXNQntRmf5mNax
424,3AgTAm6JNAPnhumMigfmQMkWaWna8u4wCx
425,3FvJFsNfT1kbsSzWxK5xhojMZvu2oeUv45
426,bc1q0ww0eaac7z80snx3gu7y4gjugqh85d9nat6prp39qt7surydum2qq9q0c6
427,36LgXSeZh5C8s5fosHQkcYbYHaRTUFdnPm
428,1MyjpFCgvcb9imz5Kmf7wot1ZfekoT68Hd
429,1Kq53CtNiBWRQUfrgn5Z5J8SVSrq8Zxhqd
430,1G2EHfyfxYSbCLi9nPK4bD5syFpBH8ZaTN
431,bc1q7lvncm32re8kfys7y4waw68duc9prsxwyv2zsk
432,1NqW9yNPaLc56so52ChanV3nLyQ1gsSco5
433,1Cm6Z4yEKxR18ahRvshXVbZEpQReQ6DKhQ
434,3CyMDG7XVEkNU3D21wN7spxsFw8mHF5wZa
435,37zQuY5EfvTLp6CckwHrR5G6nKb9bQFN2H
436,1FA1puuTP2RX3k1Qg4U6gXn1y62gxyBJoK
437,19tguMTKXvyjsbiSRYu9tRyMKrYKTJ9dhu
438,13RUq7MMBmbdGwwm4cYvJMs9iKLU9usPAR
439,19tVDvnAkxdihzZgm6JiAppMnKGfA4sTVS
440,1NPjcXtmasKQ92W18f84W3uhuADX7npnSF
441,1vn7nLiqiXrpkD9y1HgqM33Lty1RkGTNw
442,3PoA5XkEsEHAbU6HyTUHqd925KArX25Cj1
443,bc1qg76rpxqe4mv2g5r026gh5js2ayje8p04jfqucm
444,bc1qrs5tp52gr29v3v7ea8lvdlsfkcupjkrw73094y
445,bc1qpr0cpvrng2fa8jcr9zq5xclhsyn03953npj964
446,36xVeT935BGJChrwFvbLXNyQMiWVXL8PCX
447,bc1qrq8zfvyzma07cmqq7ktgfm4lagccrua0avsx4x
448,3LRGoq7axE6ceUdVh7MXqU9PGDbA8vAr9i
449,bc1qe5whu24h9aa82qtxcdkqkzm9dk5mjylkge523y
450,3E9MCG9N1fQEPYkseUSDCo5o7tcWJfhAr9
451,bc1qsfea8zxudy62j9npsv555jaak8rcq6qv6tdxp9
452,16jdWeJBZM8JGRpFwTkaJQdZ1Aft7pQ73o
453,1687qfjWjZGem3GBDMTMBK97vx3sSUeyKp
454,331EbkTppUAxTkbq5Zfb7Uu52CwDhW1L2P
455,1667HNMAjS5AgHiAhYTaWmPutFmgK3bvU1
456,bc1qrdmlpdzqteystst8glw7z2zhnvc62f73yfs72d
457,32WpwXvr1RCSJGaCg8Ae1xHeDS7m2MBxQj
458,bc1qa8824rhtca9mppxdplrrqq98hkqzhumykycs92
459,bc1qw8wrek2m7nlqldll66ajnwr9mh64syvkt67zlu
460,1MFrmdLPG17R7ZG2CoMgRPYm6WdscYsbzx
461,17sqqK9zu3FGdC7EN27JT1oV1aX8Sc64EC
462,bc1qwgsuyqd09lc6l0msl57r5058nmxm8hvuvw2a94
463,3EyPnnDfE4DdTQzDqv6X4ing88YYSm8qmV
464,1AMSoAXxhhHU1FkVgoiK6CBsoXgjqBdnzV
465,359XxkFYjrL1rvqyeKwGGG2ToY84MwszQZ
466,14NMzdyJq6aazuF7C8yeuNqWh3rKFaSyic
467,bc1qv67wq802f2qtl246ps20pk6w2j29mx6u80as8v
468,1Xmshy4aYx48yHeqc96nAiiHK5KA4SBqa
469,13j2EwGzJkuAcMdp3WRQ4fqo6urYbL5AuZ
470,bc1qk20xrv92xdjfgyhvy4nf30rhz5rqr4trv80zc2
471,1NHwavzCwrFAKSXEgo5vQv2K2BHQQohQ3x
472,bc1qch25j5lhqdnc4a62d93xzcfya05mjw75yf6e0n
473,39jq5LjS9Q52k1MSacB98BMiwCk3L86h3b
474,bc1qr2zn06e4cm5qyjpqs5mqssv8g9g4pfhm4tpzxm
475,bc1qymdxm50cljkuzkwzzujyv3wnj8cjunfcm02l9t
476,1FhujiYvPAPGheiDwCoFRTzKbAHVeGKqi3
477,bc1q0xrsedfzqk2mle4kyats08l742sm9ta0ur4xg9
478,3Qmz8kcTTm7bLmGLDJtxqq8hGgfo9JLbD5
479,bc1qwyv5sm7r66qvcyen0fp24auluj9ufsn9nuehc095rawczsxhe4fquay6pz
480,bc1q6rdt2ax4ammnyqwvxd76hlfgdfjxx9wpee4hjd
481,bc1qd0n3gtct7yd3sr7vr0u8kk67axdpt6jjj3ryug
482,18t6tsqvBLG1Z8i8k4DH9sQw7FQkLP5Y3Q
483,bc1qg7ltkaehf8jlxyez4kvmj2rgc40dmq9umddcw4
484,34aEGaYbtgK7uU9Bh7T5AuHf5qh4Rsgpji
485,32A5Po8cAKGsZGuRofK75HMs7T23DzgCyo
486,1HSaCDDpTEiPTiro1Fh5UmWV7LyZyBGdzZ
487,bc1q666v50h0kp76utkjga9fswu9nsrz795kfaxwrl
488,3JhLDtvGvTq8qMaMGrYZmx8VxpCiLiiyzp
489,12LHtnEcVoTk1mJsmwwABKAe2joS8Wy7ee
490,bc1qkdkh89fmqu54n5v7ffha7d9yyek8avzw9amfxk6gmhkp7pwxkhfqvwc3qc
491,1JaLcWmap1HnLMTpwWkG1f7Qg1RsQipf5Q
492,1hGpdFfGY9KxPQoiukk2usyKHMmjR1JgK
493,bc1q3ckkjetslgee2e7ukunf5x2453670j2gsqn28v
494,1Lj9dibmjoHALh6yq3HhKootk2iJha824u
495,bc1qxel2uex38dzmu96scnr2j9wrs7myzg60qrqt6e
496,bc1q3644f35avw4wkp0aepnjq59pk8hm8m8j6czu9n
497,bc1qhrpmc7xkewumll89x6hzc3y8s3xnm2s9sc3l9tgy70ynmnt4k2gsyune42
498,bc1q68kqa487resqjcn73ra0alylqyk9njc8hga44h
499,35uXeEGnxyS6SfQQoajHNXqFcNzEMu7Rbm
500,1KHEhqVbZjMwHcepW4rwANFjW1qbZjVhVz
501,bc1qml2te9j8l5vgpm3nja95cgewg2nhzlk27209uw
502,1Cf1FGtev3s7fQokjQTfdRWmp7QMYsZrqc
503,3JVE5C4CZr562VKnxESuCqu9Ag9U6zxL8N
504,1ER2EPZiG4KzcHbccBpQn68DinMqhS9AYx
505,38MVZ3E253udQGSRNXxLqp8LfjrRYP1bHK
506,19Setkx1WkV3UiGToyRSrxCDNhJAsbPrKd
507,bc1ql270slks4z7yjgpksntlxhnt3x3422djq337z6
508,bc1q8s7aanxxzkwhg8k494azja4wx5y7kc0tlau4ep
509,1V8sDo9pAJ7A68DeuJx8KDxGFZ9KUXPfJ
510,1PRh3UCkY1UCTwB8Wvcc2s8LtcZyUugicz
511,bc1qf5snkr8hm8kft3fre57celhgy5wspfcx8r7qed
512,bc1qsrr6hjkwx9wcj8wrl8m0phrufdh673tga5ekfxelkmclp3rznjpqqy0jrm
513,bc1qqleerl547llg8guhth6szu8ys5vktt4usygyfk
514,3FR7i9nNKJ37ETR8arqLgBxKQsAHEXRE5b
515,3NNVHVNLSckPsaL88QZCV88pUuahFgPo2s
516,38mVvqXC4viEe3fmqSRoJyzVRnCCAxd5t7
517,1PocGoSAc13zVxz7MF7YFJTSAhKi2Trax9
518,1KVxGksGgch3m7HiWsgDmMvhTd6de2X2So
519,3NLXggwMq5Nc3hktU2aKfTsvj2u84z8rUu
520,19tuqABXMNYHdmeQo194AjTPiA5HUsGZhe
521,3FhnzQj2mp3kXaaxee9mYL5jqLfiCtcxuh
522,3FpfZTWzd3bWDosHYpfDw83h4nLjw5SrgE
523,3PD4dBwavCiCFpEoz4RpyrnSDB8528aisM
524,3515VvVHGJQPDjfKp1oxpgs8RWgUZJ4Kv6
525,1L97zBgMXxQRn6EXjRdiBXUHBhxXKMKURS
526,3NvWFowSFJuGkyrsw8MvhdtWwiSJQbqMoi
527,3M5t4HhFV4YNReWtw9jVXKgLrdsHRE3gCu
528,3NJazt2dADBQYpsUU8nWSSgyo5uoJFJ3AD
529,3B2yuXqW7MapmBfmERm8w7v8XKA1mgu8Fb
530,bc1qmvgqyrknta0sl8vljm5ty38p3awtvh50tr644y
531,bc1qalplpyu938wyxqh9wvy6c6y59yflq4rrafzl97m7uqyphlzf6qfsamg77y
532,3BMEXouqzA4YedzoLMPZGZnYqaT1QpXHDa
533,bc1q8fwhcjypz7lkaehmed27ze8n3kf0jpvaffpp6f
534,bc1qvuq9xm8hrrxrv4v6af7kp96e83k89q5rpmfunh
535,1CMg6WeghozsRUPxgiPU5FoPaLoxbRy75a
536,3J7cUjBZxvGRCwFBz3q23zAsnhFfZrDSSU
537,35p1RPwoo9g1n9ibEjH5cyDYbqqqjNzjnv
538,13KVZwbVptUrvZkX9NPt3aXYWW2ZVvXXDb
539,bc1qchq063hy86q40kvfg727e5yd4qcygfwmcmrcel
540,bc1q52velg2w26gd25rmrsk7zlwcacqyx6hspzc6p3
541,34eysUQdhmzySYUECgQkeqvG43fm9LejCP
542,3KxL2LgxL9oY6eQpQqGb1rt2bknDbfxcdN
543,bc1qpdgnk5svhd0w9hyz3ha4djppm79vrlwm473q9e
544,3HHJkPodegDotFFWnK24opL7kZg5SiFi42
545,bc1qahga4zkk37dsypx809fwe5a3n9fxvn83j5fae5
546,bc1qyfgetnw9vcf9d6adrzmxd47dn6c9k939gd85rw
547,bc1qu45m4sqqj6205l9tdpf62a8f7nq5ddj08lyl5g
548,3CfwWrxEqyEKqgyfe7ns3TQhNWnRpwjang
549,1D4bv6eDmJf3uj8R4pkrjm5SbgMJRf4xVS
550,bc1q2epxdj2c30wdp8qsnwvpnaczelrsg3txt3dqhn
551,3KbJHxLJNeJPjbJVVp2Hh3SgubaupoCVj1
552,3QqKMuPpPFvmuWTJ5SSf2JcFbao3gopmpb
553,bc1qff7f3034wtfpp6lf89ecqhlcf3yufp08mavsxc
554,3MB42GLqn1ZCkq3Wh87Yuw8kQtiN6yvfmc
555,bc1qa6rd2sx0gq3s2h08qug9hducxelu0lly9hmmdc
556,19rg1ouHE8eQ4pTe8ETFQZVncCGJxHAqnK
557,3Efod5qpLxm7VKaMovd9fuzmkR6mGChcxm
558,37ix9n6B2CHExsqR5R6R1MBZ5mPwX4fEnq
559,bc1q7mmhwf06jddz52a6z7d3ses7xy8hawmg8zx0ku
560,bc1qrzwwzwjuaq9gu39w3lmnplexhp07g79kwadtfs
561,16RE31uccsXY1grC7qYqJP9Mkj3zxyXd6A
562,1Efb8g7VBYFRuzJSTbxniLGYUsn2bm6m4C
563,32X6YRfwvW6ZEFbD2URWUgkX1siDvkDHzA
564,1GX33La4VEaB9UyY3BwqwUXoXMBSGLUYSR
565,3HJ6EH1Cb8ev35eYDhT9BBUum3jGDWEg7y
566,17oAZFf136hLyDuRtaeYTJPg47SDBSB9hr
567,1MrqKRk5TbYLhAAyPiqH5oFxSX3Gb11ehp
568,17Y3rLWyVudG7iD25XdCyfPQKfELncvNYQ
569,1MBaxknNDmCpfKfswoeatnV24h78TGJrHB
570,bc1qfmafle04uvpareh0y2k5s28nrdkflxgxa95t5v
571,14bMtnFvkgkn3ByNLT7eSC8qFPH3ya4m77
572,bc1qn0f9tl8ywwxt9ucng2hm8wafcrx3zsnuz9fgkf
573,1Cs6P2bgrs416CVGc6sXoTuUPwUSF5DF8i
574,bc1qrevpag4fwllktqfgqjcfxfu3qh88rt8ycx0yvm
575,3FwAFA4qpjsuox2gF3JGnvTmwhdMXQQXGP
576,bc1q3j9gt277rau5wd66ukznel56f40k9wz5cwr8lv
577,3BVUR7KqmUdb3198BAe1Tr1cf7TtbXY2LN
578,bc1q3e4prkz4qmz9nxdmja0de4m33q6we0zx6vt4x3
579,1DTHTpVYsSiHcoYWuJrKoQc8sinQAfrBek
580,36TQ6RTmDrrzEr24vzKRDd2CEm89kLewgR
581,3ME5yg7KgMs12LGGL2tso4vWhnyTGw6iVE
582,327w8znCkVzFJX2chJnqtGUfrjGmN6nZ9x
583,3ETGBU8ntwaqKPJ3cFEvgKP3SEbCTLBmDZ
584,bc1qu7sf89tkkp9y9p9xccujgadks03nzj0xa2340vsq95nak8slg7rq2rnp9a
585,19tBB1gsqF7qWc6vPSymgk6Dfu9BsMo9tW
586,35bi6xEc8FfezHWd5nx75J1yQEbDogPHSw
587,19FUARqLhQ7723aZrRwtCsqHJ23kuFYpsx
588,bc1qeteq5rzxmkhz79k7wazk7q82xwqc34m6tqghnm
589,1AotkdpAx53HvSfRcWZBq6fX4s2mEv3q7o
590,1D3vm9kZDbkFiwnH6uZqVKaBmYJgwnboxE
591,3LJZ9cehpeHdMBbT1ZByJ3QLo8wi89FywL
592,bc1q0vr0sp3z5cya3j7mw8j9e5nx7jdjaua8dk7ec3
593,bc1qa78xewjl0a0sy5r7t37z8penrrey5zl6n8f42p
594,3Jcp2FXeHGwG1RevF7SpuLG2QJxaVFJ8Lm
595,bc1qqrmxtunaygjae57gk007umx6gg692tuucv3220
596,1GXGC2NswZ5QB79kDvMGKnLyfgD8QjLEVb
597,bc1q8kc6245a9nvnsy3k9u8k29nefhky5cnylkx70w
598,1EJ9sL5jUmRfC8AYGS3NcdE5ymR79F5XCv
599,bc1qaun0wulqlqsdklkmdhxqj60ny8ryp5hglxhaunpayrxlahweqy5sfglngv
600,38B87w4h6n7xt9sxiFZYQ67Mb25u4ikesw
601,bc1qw7d3g7nsedjardrpaqmud7c6agzx4r288r25fn
602,3Eky2SeJxLTZsDQM5KKghEUCu9E1KhxxqV
603,bc1q0hgdn72jkajf8ukus8uwh7vjp7t8gxspcqa2fh
604,bc1quqxtak3fv8phen7zzd30r3p3lznz9483vwggtj
605,bc1qlctldszedafhk7xk53ynwjcxz5a78auprgry00
606,3JH59zyNUUW9Ar3WyHPY5MpUkDDMrKHuzh
607,3DtwfJ3UGEveLHCFmaWAhBR1zH9y9L3m1B
608,3LzutyuYBEuovwnHMu1b5jndDxwWN7SunV
609,bc1qd0y2lzsglmgzsrc4lw20e49xefpyrhthxpw2ga
610,1D6PKcnkmNnVXwxNe2kwZXdGxAh2gRoLrr
611,15fdaV5UTft4cKTVFNryk6XSs2kew2yNH9
612,32S8cuCqHCDjojvQoLCHM26znsLwUcXhhP
613,3BL4JT3f8gLyuq63JERxGQrC5VxHBKVBnV
614,1AVRBshwRTH7a2pX9NwPcCh3tAXS3SsvBV
615,39RxUoh4ETUm37tprzYApgFJioQAUd8im9
616,32L33dMpwuwNJzjsVewJQcrCQSUebdaboa
617,bc1qpxsqrdmaf0y6ggujn8fku8rhat6jcvhhuhn4zl
618,16efbsW94irnzTCJH7vxsQTo6dTafampqF
619,13AUCXd9heV8PF9xJDbKE2NcUBLkA5CViV
620,1Jwi61jFcAnw5qD8Bf9owuiUzAaRM25VsM
621,1Cod4mBdZENPrQHeoKqfLMohjuXbRacQq
622,bc1qzsx3d7wsv9kr2uwelqgneygwf2s7lurvwl209f
623,bc1q7kzk2rkttgjzykcxfq53qcv03tru5j8vgxxe5u
624,19WsH4v6Ukg2d2zSxyug5a5NJsmKJKhYzA
625,bc1qmg8g0j75mq5lzqdwljmmzssswpxcttrh7lzrp9
626,bc1qpmqucfgzetpcgwn4529fypqh07upjf3trhtfma
627,17vSbBbeew4kNMyZXb9rAs2EwjtN3xMrYf
628,3PogJNDLz73n8zn2W3EESPx1WzXjkzms3e
629,31kqTBQKeLr8fxHLqudv8hyhacqiZfdJnf
630,3GcaqDCANFSeEqWtZtf2iGoVRuq5FJ11ku
631,bc1qgn2y6khpfhtfg265cazpsxnrndea6kygf60xae
632,39czCSi956baDfp1c51NnPy27dYWhqyoSN
633,31rLjYciSpuVMeM5XE6fMT4JMdkhM6yw3t
634,3HKkWnVskWwAa78d9nd6e76Z5f1vrU4Lep
635,bc1qxhml4ujua2szeges4wd8dhlzhee3llhsu2r7lw
636,bc1qecxydu75cl0grtwxnsfs5a9y6nht6t7nfc9wrw
637,bc1qgcc7rh2e77guvg3yjhejlt8n3qp7hxq09karny
638,bc1qgh07g6rjhrj9kcjaxh9svr8p5mw7n8xvzgt0gu
639,1PprvNyBerA8x4ekHsS9pwwFJQMwV1Y9Ls
640,177gjCMJ1Y4h7jbkjNewfmzZaiVwFNSVoq
641,bc1qq904ynep5mvwpjxdlyecgeupg22dm8am6cfvgq
642,3FoByjvFekgk2MVfAchw6B57rodP3bmwti
643,18ZSJrqf3iLwdvpwsmgBg2XX2Mw5HCYSeJ
644,3AUdxVkwgDn5y9VTfwpgPtsSTqFjHtqwRm
645,bc1q86g8ftj0w84j8uakzn6xvtywmuflm5ejehpfc7
646,1KhiK388dMqhuAtHLSj9tLEpZjg7SLKNpa
647,3JVyizuUzx8CyT7rS6Jd77Z2fyYB67g2H9
648,35269BC9knaH2YU4Ki2GhRT9MN18n3DhnD
649,3D3PQYQareL65c5kJrL8rWzZ3etYgoup8w
650,bc1qfg34cvy6d9hk4mf6euhssx60yl58x0srgdntgp
651,354p2ruw1xei3DYdXVhJxuAB8BGEtWGHUz
652,19Qmi4KyfJTunME1AK8d4FBWMKWAy6PJ4U
653,bc1qxluxjjzsvkah4xugm9k3qhmetnsz9k5l0sy030
654,bc1ql7gz7accesakjdsk4nu5wwswsmdyk282kax5t4
655,bc1q53lfkl5up44jfn0a46zhawcj7kn97exr96qvyu
656,33fvSr9TFQrDctUjHC48xa36PLehTrZdtw
657,19GxckZf3GBjyh8d9c9itRh98FmDEAgevF
658,35zhLgfuh8NiBL6QTj2WWUc63ePcah8oFY
659,3LeA7a99bRyg8U1XrNqm3hP59HEY1KPqTU
660,bc1qa80kn2gxvknfwy3ynespdhx955g55zvqxmhxyt
661,bc1qsxwgqsnzz555qt3e8hser0afg9nzr329krucl8
662,bc1q9vcdnyfsp7rqqyerm0r4602ayuvc5zuy8t24rd
663,3KviJiuKK2rfb7USJgYNaPq94U7CAyTK96
664,3DRvUbGPNALxGu5MxyFkxwmKtqxHAQKPiD
665,1Dhskb71RVr6BqwqvqbigcKvdpo6tYaQTT
666,bc1qx8l8ysflyh28p2f5llau3dnd24fger5whg6n6p
667,3P38gkPJRfQASTYSX78P5fG1CDPPY1AL8X
668,1Q1H43sGGgyAeSe8ayDcFgW4DwnNmUzy5D
669,39pEBLDqpAB34ZUydsTFudvmwXDg4kptyJ
670,16kFiUhrbp9UGedEdjZXqZUWShCwvKGYjf
671,1A8h1Vro7RYFFZGYZ7gWfyYgzoiDzmSacD
672,3CD5MxTxizULxixhnDV1suX3XKVbe5VLkz
673,bc1qy6geeg8r3fpw0emh2f9va4c0p2n74ke93526e7
674,1MKq7bmcNAyWWmHzwoVgXvR3dVRMDbuthX
675,3PVb4TjFBckWXXiuHoRLPmN1pXgPSGmZtf
676,17MtKLNXsUSYeu7GWLpioGCfcKJmYKevhJ
677,bc1qpj4jp8kwuysj0tcdlulyeysemteyluydp3wuya
678,1LppHScxtdY2DKWCUmN4rUzu9vFt3tYUj4
679,1BUGyLYvwAFY5A8gHbZVcQ2wU3bvSkEqbv
680,1GspTYWxtQMm3gRxYPTEArJas9uJu7Bboz
681,3989xV6inpoeugrjm4xXFxPCUScLinyG8g
682,bc1qvtlh0pkdyq4gelm6apfknytpwncthx07g6q77u
683,17MG1BM7iPtJqDAigjsm15zFKDo9Q6hS38
684,3BRvWDhhCRbNP1u54gJKbXPqWYwhZvYSwE
685,bc1qcgu3ejgpd7xphhwsvw0r4rlsfe4xqx5f5xv5hp3xc0jumgd6ymxsgt5kxy
686,bc1qaathvqz3wsnea2ayeqkdqhe6at06dnpq2ahun0
687,3CQGbV6he7iyRCijd61vz7P2ScxxUCiYn1
688,1ABujaqLUV75rY3jRLHWnDQM99HCYyzX5B
689,bc1q26adda6uh2dg66ew4ec9xy8vna0u8ah6w65dhr5whzmvktn5x8xq53n07c
690,bc1q8wrcaee8u6cakd90ygfydskwyg9wk38fv2jc3d
691,18FZfEk6L1rFnoyGB83o4YRyNJJh6syna6
692,162yoHmpvqCq5SztkKaiEd5LiPyxcPLYzu
693,1GufBEixYFQPYFvjeuq2cJ4ZeRGe6y8YMD
694,14d3j6naxK4LTXg47qFG4dq8xiVSxTKSiE
695,1JVBDxB3YyD71HrFJ4XDCGGWyHRz4AM9Rm
696,1H4LJFd2tvdfM2BNaDCCCkSrUmPGZix5eq
697,bc1q95d5g6cujkr9utsa3d0rlgkprr5yk9qgcpeldq
698,bc1qkts6cx5k70gqxkzjd5gymd865gkkysyulnqm2x8xhpnlnaa4kzyqhlzz6v
699,12FVnTet7QBWv692bLT9tjt4pNfnG2GoEh
700,3NvC9ieqoifUZkouiNyskmEGTJphXkL59f
701,1Gm71QBQkN7FLwJ1J2JqfMWZrJfMqdiaC2
702,3L6BxdbLaWJGnUtBQiJ9Z2QEmdB9bM8hdz
703,17sZqWakJJCieoijPYBLBAVHsXur7ZNuk1
704,1Bp6NssnxbrgY5UKaUBm4WJTAwaUaDhzBm
705,bc1qx2hdju0xfdkudm3safkqfrvux9lkmwdm3z2pek
706,1DFNsZqZNafB5LzUJpuKfEBnAMgqCnhHv
707,39jnuSRN5WxetarwqcMGpSF1UPkSzC7crY
708,1Ay2Bw5Bz7wHceL14xJuFocZA65L72px4S
709,1HDSpACEjEbF7WMqY46bfABQkY3JvVesKh
710,32FKb8RJU5BkH8955jYvuno8qMirWXyxDr
711,bc1q50a7fqnyz5kvs5wtj8zdnwpx0z430vm746akyq
712,bc1q43x8ydh6c5cx7laql94lemd0t4ta0dkvkvzset
713,1LS2hngt2c5Z9fUjNAgExobHGJ95ynL7N9
714,bc1quh9pxcg5zkznqxw78q8zx3w2lxu4kvu3emt2gv
715,bc1q2n7qlknqrza4rcrllven3ugwp894y958hgyq57
716,bc1q7avf4t0gg309q0d2uwr349wl9ewgh9m7vzhvqt
717,3KQQgo776eJ6W8bKuXst5T6Kz5dTCgnSX5
718,3Kd5UtLGezPXfBYFFEjtHGhBQw2c3q6tty
719,1PPJYomG9QJso5ihqtJvf4zqzRBBDueKqR
720,1C9HPyzdGRwzLmdJR7fTzcBRBmNncJUffp
721,3KkRfxrobYwLWwVRzJ83SzQrhZr9JdHFW2
722,bc1q0vdf59k9h2ttfsva5lase9vtphqxv9mznt7dn5
723,3L15Rti64qJcPGkz5621SL6rFxRW4zju5A
724,1zJRsuq5jXyX5fCbqLC5DjZys9Hj5BjLE
725,bc1q93lvn0297ce5kgsgc2xeq6520ycz8azvquujxenunlu7wzuhf3lqnq7w8s
726,3DvVpLUfaBeFYoUNwWj5ufWvtt4ttvGWc6
727,3PeRu3u1tc5EvSfA9KyAxs3XZbhYTvmJc4
728,bc1q2lj9e7xhlt93cy6y6jrrl056w7eyscfs4tqqep
729,12h7zMj276LED4jL3adXwqtebENa2XwExq
730,3EmcSR1JMXKYKry5YGXFu91PaFmPkpwYTg
731,bc1qgu5ta3uy5zjp9urayzqradd5zph923euts9sg8
732,31js7vccXoj6MHbu6J2NaxigabMw78rEXk
733,bc1qf54pp934zmgf40dhfrm3mc32krh6m0kqnpyud5
734,bc1q8feuzctfxscujack6mkxxpy8dfv2a3j4swswrt
735,bc1qzlxcnxc73sx4x6amltq9h8fn2a9gxlyk627m28
736,bc1qzxqa32459lcadw2e2ja70l0a7wuxjsx0cgatnv
737,bc1qhg2nvp59657nr97rd0tyd2pymsatalazm089dl
738,13Vjtd7gFd3QRt84pXVrhtAuU6SqUkmoCh
739,3GwzbaT6rw7eEp3Z7RM3hcZXjjCmrkwHBi
740,3GpBg2PPebaduxo23n7KJ2BtnVY2jjTDxw
741,1MHgF7nKcT2tcUSCSkWXejXjasMqtowxSL
742,3JWFiDwJydp7sXbyRPcuDaUwaec1vN9xq7
743,1NenMrN8FPKbn6MsgkWuYB3UzKLdwBvFid
744,bc1qpkyqrzs6xw4ges42nm05hyww4aysg3utlx7huc
745,146uSEj1JWbxfpkaku4tQwBfR7KsYcGQxf
746,bc1qtv2ses4xgmn2fenlne2cu7q9qwvke03zlwlpp9
747,3MmYrjbsexicgXazy4aP2ebsFzPYbPg3Sr
748,17Km7Vd5sJEE8yMFQxjLxuDubNSmaZmbA2
749,bc1qwjplvjx88pqxlhjvz7zzp6spne0j2x4wkks8g4nce99u5rdcma4qxecslw
750,bc1qxnlqq5v63py0lqauw2vu5ngljzqdjscs8hycx2
751,129aDdt1C9M9p6X1SraU7LzVda4L746XNp
752,13xsotZkoUmgemSt5HPuFemjjxQu55Jaf4
753,bc1qp5te7f5f37ey7wjxjh2tnsqsg90jeyssfek5p9
754,1MEiymSpVycy4iydoB2GUr4eZN99GwzMfc
755,bc1q7y6xs0fnqhkdyptknp548xaqcxs2gvwjaxkzjn
756,18ncMorZzTDnRQuofxn3tu4eYzi6uUuYmR
757,35t2NVFDHrMi4tJpMLRDEGNVcNjDGMJnLC
758,36npvYdPKFN7Mg6G8h4Fc61SLnXBHzoDPB
759,bc1q8zwrypylnuyea6gahfxsaq69gvwxq2t6nwe3nr
760,bc1qltq2dxlmgzlw5h5clzcl6pyq6039j4mu89rvve
761,3EA9PhmfiSvEPggZhNp1xGbC94tgsC3kPd
762,1JHGbvXWw8LnR8FugGAK2giMguNrPxKQft
763,3PN3vmyXZRcEbBBMTmW6iMqAJQUS3LLoGG
764,bc1qrnjwnyz5ff68ee6pfts3ldxjzty5hhwuwktsf9
765,1GaW52FLisR29UKHf65c1v32jxLPfu3ppr
766,3MnJaK7R5bqiYF2iEGXhuEpfdTpwFQGZtH
767,3Aft4uiFjkz2NPjS74XwtXDh45HbmFUA3R
768,1L6GcEU1swtr8JB8eAmhD4LDcAcgaGxWFo
769,1ML39H2jqzeDVKY18kHGT7136w1s5KXLCA
770,39P4nwgJpno5zbQBLYRDYpWSaZndXLT7q6
771,12UTF13bMvkra2zHezbenV3WXZ3cXi5uBc
772,bc1q98kyuw36lqx7nvlvfrvnqff3jq90qgf20h8mq4
773,bc1q7q8kxrasgwmdmkf00xjd2jyhzwf6hva2akvwqg
774,bc1qe4ec4vswac28ym453pgx8gsw4pqq2vd80fgrkn
775,bc1qawvys5qwplu3h7r4q96jave3ygv4h9536ycchd
776,3HFjuA5Jmix3ZWrVJ7Hj6dYyZ3WUiHYKQd
777,1FiBMJehJxevJhVbDQWjHVXTXiifiTXgjw
778,bc1qf66vjaw5k8etuqacfyme8d9mkyd850dwgnz8vj
779,bc1qw5s3h7c9yys42zs6x03jps4k6lywth9n68qcnn
780,bc1q0jw9zznfxkg888nft27rdg86yt9qyuwuyccc8t
781,1CXkWidXeoMX2sVXygbYmLVseRTmqU4tRh
782,3Bj41d4JauaFKN3b5JVUMzeMGusceRyPgX
783,31oCdVXFu29S8dSnigdERQS4rnWi9yLf2P
784,3Bz2eoySLMjBr2g7VR66PJ8mXnsRs7oCiU
785,1DhKh8DF1MrEaPo9eC67quEQzWQuJGwEbp
786,13Xb4ZMRMmuJVviq8kArEpJHFe9cHt9yNi
787,bc1qtk0qz2h0k9zajwmcjhwvvaw2v4jh8vhzftytdm
788,3JtyxbZ1xdCS12gg6y3yYpCXPWURWZvuNj
789,1CDGkB9TEZSmy4NEuPPX4PXWQcNhXGUroq
790,bc1q6d8gyqxwg8h6upv9tyznrhu3anl2e8hlz2pw5k
791,14N5cHbHxdWg7QuHGBSQLMZHx6vd6mUP37
792,bc1qyryunxejyvnsuwf8v52h80q85j9hdysggkfyan
793,3LP4wAZ33cZH22a34PvEhxNAFAkY9mVm2m
794,1CBMYEwcUJq61bf8d14Qcj5VKFxhASAZwV
795,bc1qzcgnucsqdz4nhdqk7kgh4h885jn6438895u2ka
796,bc1q6hu4w6pj8ru0jml5px8jd4q30mq8ydr0k3am9q
797,3Kp1MxZk6NXF1FiFnAoGENXxbVtjnnS56X
798,3FTtEJaPLtZpvw9wyrhMNfukdDuavpHwQQ
799,3FFgf3Fzz7T1ZbToXgv5RNVPRoLnz91mZN
800,bc1q5ght90t9waerkveh5pww0dmu4maysfvtah6suk
801,1956A9tqz8sYRe3Q5aAi88KW7wKQ2YSj1c
802,3AAWAjCszCu9Le6cbBQYLeHNFec67eBKrb
803,bc1qruqnc7uqctt5z7vw7s3ed0la4lg4y3k0t9kusy
804,3NpeiprzSpxx9TGCpMozgsgQqNdZZqaxVi
805,17ANEfcuTWJAQB5N44qVRLoNQTQAwA76Dv
806,3BzCAj9sEuvERgdoRUiVpgfumYA3VktKR5
807,3BiaWMwTBuL8YFroMvd6rpLU316BffWPBU
808,1HiPs8XT6CoSee3d7phA84Rv5Z3TZA29mG
809,1356wCcNvt9GHSP5XwVjyAVywCSUUeAkJe
810,3DPv1sT8Vq7c3QXyCXsUUsGtFXV5SB8cVg
811,38SGhsCkFA1JmdZoYZqrKjLmaPhKhwt7gH
812,bc1qeknu7xx0ud56sf8k2dxrv0j6974esc5d3v3y7r
813,bc1qvc4a8025yns4uzl6dtghdrr3klxhaddkgvj8sk3ez6p6m6n3tylqu5hrk3
814,bc1q0hl4u0dulh6qhdp4rqhzh6ysymymj7y300c2k2
815,bc1qvka8knk3hmpspnv9k4gwgtw9zdlunh2c9jyjr0
816,17CWSEWfkR5B9JvBrRMp2qCwVdpPAx66QR
817,39EAQ6mjgyVpYfyEHXENo8CvzKXR39YoVh
818,3NnGtdfwbsgpUJ4AE2NWpgxaB3QEaACqsV
819,3HKDvrE95xF8UYRyVNpPenaMB8f4PSLDEa
820,3DhM9GrhcgsjLkETpJUPSfsif3Fia9GhxV
821,3PQvo4gy15Zh9Pqzc7SQAFUvRERkQesk74
822,bc1qe0mlzf8r5hvnk2ctt8hftq8vmxent7aasaznhq
823,bc1qaex60pnuezrealukmumqwce8wpj36qqyevhjr4
824,1GHdUiiczxkshq7drviNjpt6nRFacjbVXq
825,bc1qy92krxsk5zfrcceqdh6r53wpqq5flrk0rgq2r5
826,133CU6Q4w23Yb5tJRcocHxNE97Mgh71KjM
827,35XUuJshkgztS3iYX3k2gAAQXxteKbR3Fp
828,bc1q3llf9ewchnyfha6trsjtjcjy8nsc3zk7d8wjfv
829,3DnBcReYTGD9s8F2JKuMCNubJsxsiseE9Q
830,1GQuUGyngmpQErRXkVZJqP3KKpRtiyWuhr
831,3CWa5oauMXF2K19xXHWkf6PxzrDT8RjZDW
832,3HUAsnvHeSXkwnPsYSUSqrqs4kxqPKb8wb
833,1AMFTeCWUzPFnCsWeAWte4hb21J73JymRM
834,3EgBSxHA4fqreyDPnHcTsWQrTatvaCaU39
835,1DzgMZkSTi1KGXfo27W4dZXMDNnwHXMnMd
836,bc1qwyz745gp6dar7gqy5ufu3wa2tr72pxlwycj07x
837,1GawfUUuzsiDTiMninqDHoRW8JkUjCCdnS
838,3N2tsguKaetpu4fCzJpYEf33AomGCWL9yB
839,3BxtnBeuwQBSHQciZuWirFnKd8ScKHfQKm
840,bc1qeg52xgjkck0l965rm44fpsxt453hyhupw4rl6l
841,1BQRXRjRfkPCF6C42JxKUw8WrxbyAWkYJ
842,37gPZ53rdFn3Q5RfG7ufqMbwaWygkD6RvC
843,bc1qe3u20enpjmpd9ueczee2e9lpg3sc9ha2uuzhan
844,1PwUvuhLXUSfsxWFd9uX3mfPktvDM79wdh
845,19iSJXBSJpiGPmyLkz8c9sx3Nk3amyJok5
846,15U1nmTTJsGb4sNXXBz53suzkzbc49Vgut
847,396VmLLffFQk4G4oiLM2edj4m1ta8Lo8y9
848,bc1q90rpnekz2m8kpt3el2mvdjv44q6npx9pg4vctj
849,3Kaew6xP3dnUgp4k5jztSKyrrEsJEbJANx
850,13X1Hxx7yHae8aNrcVSaT1pho1DPTSN5nR
851,13T4BWnqLV6528UdZYpTcmLJDG49Ywz9jm
852,1QG4vh2bqAcop5ZwJ7TPYswEbmRfq8dBAe
853,3NumCarv18xALFLKs8BXm7v4Dnw15WW1KM
854,3DtToaKdTxeZRBcGcybmBG1Skch9VhSj9b
855,15pAPE6BdVM1XQfbHTKjipTLeooDufaWYJ
856,bc1qu04dwqh5m0ryst7vw6zel0ev25x0kd5m75lh5g
857,bc1qhp9yuvmscpyl69cdegdxufzj72q7fag494g4w6
858,1L6duKYaGmyabveywT41Y2CZEDBippvcsW
859,3LdWDB1DLUsfSsdzcwfePRASStSfdbunUm
860,bc1qs28nyeg3x9p2q3w5kq989hjz65vx6z7nvep2jk
861,1JwsPsPxaeJCpxDodZx2LVnU7pY46gRep2
862,33f9VCHi7Y5kQ1qfruAXQJCx25nhtk1gAg
863,3JC9GUEwgJ1v8tdrDmgXUfdXqKiANVtSiL
864,38E173pWEsBhEy5FM9saqkpCEHN3v5JCxj
865,1MFrVfuifR6JU6y5wXZQh7X78bXkiyWxcV
866,3MazoQShQ9DSvDxwUJ6rZq2YDSRRh1VEBB
867,1GHBPJmTtvbM3nGE5cpLjSM2EF3oqMQJDw
868,1EDkuoKFa1thU5h2TYvcUXNjWTjt8CFaXe
869,1HESo48iB3iZFfVsrWCybAxA5g1i3NyiLW
870,bc1q2gc99krrklcmp4scfa63jhkz742tm9wr64r647
871,34Eudiru72LjXyVDQAuD8hpan9jQUVJtym
872,31nKJQQnQ2iHoo2vW63wWU3W4VdkB5tt9Y
873,15cG7mU2b4YsPmmHyLtqhezyNPqUKDfzvL
874,bc1qskjgfaspl6shtkfty5jmqf9plstlnpp6n3gcef
875,1E7g1fvYsoSTeGKBiNwRmiRYZ1A1gGTEyD
876,bc1qzjs059jnygckdg39k62h48cajgkq7rhfpzmc5d
877,bc1qzlvghuljw7a6pqjddz8sk5020u3a58hz7wkvfn
878,17LU3rM5iSBj7Kd8uvM1Da5Cp511xQ81Uy
879,1EEKuNadd5wxrjd4uzFKXfX6BLGe3dbgEV
880,3JZqahTGUXnmpyGTuBNgwU2hF6Ssm2vRxj
881,bc1qrpst8wd6fvvqwva4hescvr55gdk8z6kz80f2lt
882,bc1qt8ktn2hd85559qy3m4slxr2yqyr6g5l7gp66jh
883,3PE2zJVKHszwk2GTQUzawKHhkdn64unS1t
884,18UAfY11NKaYxbHqweKPxfyjywWo5JZDPQ
885,3EgbLBoEZ63gkC48zPSp4PNgaYtFd3E5Xr
886,bc1qz7x6qx8ey8neeyxmkj0acj7wwuq09dkva3h5eh
887,3FZejgQUEy7HdwfzyNYrXuYfSyN8Bijw1C
888,1A4sBWHCSS4YoDHCbmhmUmsqrJV1TYVSZ2
889,32GpanVjw8FadCkqTrFUTgJb1GJN3Pjm4X
890,1K1pNSPbWxAH3PUjZ8raPo9ahTcd2uG81C
891,18bjx2muC2STMAF3MroURTnBmfG8g8Cyzg
892,3PL315pbADbRCvYMju1fkJqURoNg9zCE77
893,bc1qqgn5u8t5nsupuqgx36s3390mwmfxcrmrqzzg7s
894,1Huj2zjUcQSDJDfQNRi5T8k7Y6Vd8Ypk3V
895,1KUASSNyv8Ya1kWsFfXwyaQ11rY5TNG5jt
896,bc1qqz396a8crt2tm375qy6w68te6lkcnfsqts76my
897,bc1qtscz69lzwcr5yse330kvk34wdkv5f5ct3tslv5
898,34ygbpTm3eUf5z5sKBBM1rM9VBw79gcxr2
899,bc1qslu6vc4uz20ahv34ql6nwzrzwv7ukgdz6pw2rl
900,bc1qlndn9cu5vk7vlleclca548e3ur74ucjp0xffmq
901,17J6WHgq9X3MGvoYch9faaEhFVHmdcYz9S
902,bc1q7j43g5xmqax2muxugaufsuku008y4ku8ljj3my
903,37TcKoycAEhTbDe9z4SR3PzJJSdW95orGA
904,bc1qv9hjfugrs3wa9ly06lxq6gln9ek80gqjlunch3
905,3Jy2TxR8qA3athApvL6Z85RyFS1Z5LtZuV
906,3HJkq4ZPfnEqr6jFrYfUWx2RVzzmCoHhmd
907,bc1qnj7j7re9g0vtjn42ufhzsuzv6wrscfkhs37pde
908,1GED91B4m588975JGGH9m3SU23tomJ1K8d
909,bc1qdvhxh88zevmwhdw4w2vdav5wq6s0l5erwk7h4x
910,1KDHfnVx3vd52AHgfvDCsurKHdiVMuYXKu
911,3GdUdB2paQVVG9omPsjykDBHUkBuwVqKxR
912,1MYL1Yz6EuQFZFnLB8uafarxjPwJjqqCme
913,3C2FggNhzeEd32Rr6KE2q9xFw4xUFFyt2Z
914,3BeuRYrRg2CA8fq7jiqth9EU6XWmhyxqKx
915,1EZrJq15RjSU9do333JrU95dK2P5cLt8m7
916,bc1qh495xdkq4s3yk4hvfc2l3sye2qnleukn952lhu
917,bc1qv40jtedx8vl074k2ve2h0uzh0exmv08q7xa70d
918,bc1qt32shjl2du0rvehrqv8gd2q9t378fwhepstk5l
919,bc1qn7kl96paavakzue3anjxsnhkr2n0pxvd68e2c2
920,364LQ7QD8xxLpZeiBiZ7i1g3pc1ugU8Ufz
921,1CucRjA4rDDmUhffxxbyuTL6DjwNB3BkzR
922,bc1qgd6wa2jsyfkksm93qpfj5w09tfwma83d8vdy6n
923,1E7iNt1BpFzEeyzyYxBGgssysAQhcQV9h7
924,bc1q4pupdculktchualj77znxyhefnhd7ktdz9xrzg
925,38pLsvgqPrfhsUhFFpnAJGTkYWZL81ajJy
926,3L9hHczKmF55urWnY8Bv6uu3P51ttdeTFw
927,bc1qpe9gfk99j03mrleh3yla5lg3x83v96d4ljd7d4
928,bc1q5zmjkgsnm07mtyh7ucvmzce5u3frnl6ajs5zd9
929,17kg6it2QnVcJg3tq64FMoTM4UCJo1AoYS
930,bc1qltm73dh2xwzp70z4ndkh6sh69aelt5c34yc7xt
931,39CK8acioGqvTCLzxfLJLq8J75iQSxMQrg
932,1JpieAFmH9AwVc1tSoC2TjetVaN46LrVAA
933,bc1qa3ftwulpc0uxgqz5he6gvqaznx69nrj0jndtm3
934,bc1q68u9uhfaaca0qypgd3knrzzxxs5vl7sqc0z925
935,12Z7HFNYLbRvz7NzCHXmWhvvoaW2nawNYi
936,bc1qzgvyz4c84m46yvfxvdztfuzg8fw3ql7q3txyda
937,bc1qq9xtvc6v8g7awrxfgdvv8dznvw7u56754tkmju
938,16DvtyXdhJxV5hrYP2Xq2me7Ghd91riDS8
939,35bvoc6s6RjgkGAv8Enb5Yawuzkn25NXe6
940,bc1qnvph2utgmwmf0l2ve6mmzx60une2yfk3guf8nw
941,1GfxcKWgjCy7MzeUx3PHeANHfZwDrtxK3P
942,1DbrQT5sDSSk7pQD66CCLxf2NHgdPpkVq6
943,3QhKZbJczZFFFxDuPQ3hThnMv99yXR9gB1
944,bc1qqwcenzqtd4pyy6723ar2cme2qgpauxgul5mnkc
945,34WJ6zpnFsR7zZGUfgsRMqJf4kfxw8ByY9
946,3KBX7SoqHq2xP6zQjd3MMss1rtmc4cK7LF
947,bc1qhvhadks2dp8kt7kurr4g00wcaslfm7ucvqw6m5
948,bc1q5kpk6qatk35ylfht3zvhkaetwxs2k7fg2azu0t
949,3BZPTDxLKTM7f3fwm4j5V6f7cUH91fXnyu
950,328RAPZxrmutNxt8ATrzTYELRP7x2JKDDd
951,3HTbty5P1T9KYbt7cRTqfifQ21KFKs9fyx
952,1HkLcvu9xi9z4oZp9vmLtbfnjwV8ybDX41
953,18UGoFvxewPyHvbZBtsLRt1gd13oe5ciGW
954,bc1qfr3jm6vstsuf54kw7dnumkerjywhp7rjupszcy
955,17TdkMCcT4hGbhiJ9MdC7p86qNJKumBRmQ
956,bc1qx7df6d9xhpt9c2fukggda90zg8vd9q6kywdhff
957,3EqK5NPgvUMKGZyBH8ftF86SgPKiXMaYUp
958,3G1wbMWy3V8Th8n4KUJhfQzabD6sfgCxBH
959,1FwKHea8wCYGuBtshRshqL4J22UuGRjEDH
960,1oXzQNp8WoyxzL1wpmNN4LGCJ1CiH41a4
961,33u1MQf4mfgz8FpQCLsHRnLWu4oSSAoaEa
962,3KMGg1qRa61neVcbQYBxmCZ1Px44pzASkB
963,32gbbGApv54hbeVxaVzNbcuNPUEYJiGF8c
964,32aYJRZ9X5sRqNvxuskkcQj6CUQ3K922Ag
965,bc1q2sjdm5calqrzrvp6q3e5jruexg6zawvl3pwgf2
966,3MW22NLgPZr5FccUFDKwrrcnTNMGWER8Mt
967,369e1hZq7nQHfk9f8SkDyk6UUoNCqQCjVH
968,15q7npzQ67CkwrkZXmHbrH8L2vs1L7jcEj
969,32AccoNY4gPhDNQyN3hV6BrEQriyR9zS1W
970,1Lzs8v1V1P2dS9PfQ8vExLwCLTbYCrrXNh
971,3MnHvAz5HP8wwK4aFTHUwbHqjZQRiBwY5m
972,bc1qfz5j63rqkc7sdjfeunlqclfxgsaqlxjp2q5hq9
973,13gQWpvGsAfz5UzLBtz6ccxLnyVD6LwcWX
974,34fffsy4VF8dH4QEdEFyKhS6NfuweagoFW
975,34YEpb1vz7F2XJ9Es2KEtAKdQAw6D1N6cT
976,3GMwiGgqW1WGnHzWtd8xZQ4gGiKxDXtoah
977,183NJvWHFyXhGYJ9r4LQbS38UfsegjzGou
978,1146VHXMBH7EYt1NM8wvLUTUGx2KW786UD
979,31xuR8uL1LGRgghUKrsXSPT7ceWU8ohaWP
980,3Lu5Es665cQPiBTmUEwWF9EZpPAxnwfr5C
981,3LZATFQPeSEUwyt5nyfL45VzR4bEqtj7V6
982,1NUYsDA52QppFdEiUL6UuDeJhgkQQLfnYL
983,1EgaCtG8vz9DVcdFfQk7QYGKCEUSdd57HF
984,3C6S2rmzRG5L5TDSncJ1sUzSXdgvHoSVLS
985,3BMEXATp2Wc2WVRttDwzHysj97wxLuWMNL
986,16ZFESZ2SR5zjprcR5kKX3MVbQKm4S3NLa
987,15FKuPPqMdsFBXeSfT58UyuRjssxummkyo
988,3KNCcED8PAhU14YX7NMFZJsXVjfaFRxfcD
989,bc1qgntjemh6c2t6hp4yyffhmgcfj65spk0d7h80ep
990,1HYEDhqQUHBLrFd8DqyjqAtNfm6zoU8Gvv
991,bc1qhpdqtx2fxkrg879plts2xra5q3e66nmu57cz79
992,bc1qcykm3hyxl72602kcxv4r0ulsa882g3xeqksfys
993,bc1qcewl55jcmlc0xml4pfvuf6w67e00tvm0287h3p
994,34vrckkX45zzktFwJWRUh9hsMTrg7uwm8r
995,38xRHC8c1b81NrgHR4nKhc9Sah71FBbuyW
996,bc1qzs9m8tgxh4lurk0x44sgfcf2tmn57jn0plckkt
997,bc1qntj3tzzg5u6tvp9xy9fyy69a5ly84gkkkxg0m8
998,133vtE2ok9sxTUJESpwYL6DsYH7qBzDnQF
999,1EBrDGXvsVykME35zgggcFsVXKW496FnG6
1000,1P4zxupSkDpaidNYQmKvez4L9G3VM7DKz6
1001,19tkTLpnAKCZhD7gTG3Y2tRxZwwxRC95yz
1002,bc1qt7rfgqdnhrchy2fe2mdhygasj0tpkcv930qzmk
1003,bc1qerd7y8k7mx6mpus5qsffnf988zy0kgz9mptxtp
1004,37kpwCNgqtjk2F7FosVsTq1YckzRdqEsLY
1005,bc1q3yh05jtf2d0zd3fx0hg5uvfued5hgx6wwp4hjwwvwde0dyaym9fqwgx423
1006,bc1q9gd98fs972ejtrh4mr4x5dtex2ed7y63ezreuy
1007,1GhVRNEQXWzw5FPQnMzA2XaxjtFgbP4FuJ
1008,bc1qnr92tk3vzhm85yp9qm8zn56eqltzlswa3shwer
1009,bc1q4p8frsxv4suzy4l8slvlfnfmpe92k782ngl4ld
1010,19B4magbGDg48LJx9wuG7bHK7iZfjfpUyW
1011,bc1qnrh5rtfewspefqnrnpcvrsf7kj0clf7yv4gmlj
1012,bc1ql75tuf6rl4c5krz3jkr96p224kk33y56men873
1013,bc1qkq9ptgwjea6ws7gqyc5crazgvf4w2mempqw59k
1014,bc1qvwdep59m9k3elau3zv4ex5p6zhzz67yvjwre8m
1015,1DgjZ78L8C6feTA6WsNP1AcaZKpsgwhEFv
1016,3PZSwWnGMEG7DnZ7sdDDgbLfSdB44DQgPQ
1017,bc1qklwst4n7gwch8ft7tmh249v98kfdu8s5pmncp4
1018,31pidZNgS49zsWtQXp6tT2yWqi6a9uJwkT
1019,1Pipb28tSJiFCRN5MdPPCesG623MAYCJNm
1020,14d1G5VMnJdh6u7yDHWL7k2CJ4jmyGD78s
1021,bc1q4a60yfuncz3f8rpqmzevd9rpqk8jfx8w7tdrcy
1022,bc1qwv84d76gda984zz9mlqas5zjl5deuma2x85aqu
1023,bc1qmurw4tchyx06mzp5xmpqpf74skl7k3fmcutsem
1024,1LBiiBtK3rb8hH3bjGih14Y4J2QXK3kjCv
1025,bc1q6j8tmgqa2t3jww30njlxs4wptxf6fml97q5e7l
1026,1Hs5WGn4uGPep8AsUGos7dVmeUDtJ2BotL
1027,bc1q9kcja3nqj83atdtpzfqw50rkkt0s0fz50lk6l6
1028,18qSnio9Kg8PutdLRpfPVK8JHGBHWaWnSs
1029,18Mi6VeY9Ds5UcngS36DJynB2EAH8rUchD
1030,374Rdmm1pbjaJg8f7x4B39C27a3KKGqZk9
1031,3BL5ew7R98nuLoZjmS6fiR5mwE9q4w2pb5
1032,1DV6hSR7yxNpXwKbxUGyq9A5dqtVqyBg5G
1033,1KqfBAMS61HG6gmUWrg1L9nYfcBjqZpwfC
1034,1NAokAGw6EfabZiAecqgmqKHEX4uEqUYmP
1035,1Ecz68Zzd81wEHqiYr5Vtue7LT9YYFaLJG
1036,3MDzQgmjxUt2T9nqM5yCzGLDAa3RGWEVqb
1037,bc1q5jvlqld57e36pz7nlv7gj0adrlyrpsjgla94wm
1038,1Fbgej5X7odGRCESGLQnjbvDCptwsFN6DM
1039,1Ni2PgyPLudnZ4FYdeNQSTM1F9KVYAL2VJ
1040,bc1qx3vsktk2z50a08hhknl48m3chclwa32dedegzd
1041,1BgYEnpqJnH5TDtoY8fdBYgXsmPedN3VYr
1042,38rVHUp8hJ1pHyn9qwJzMpWKyPxxQQDi5B
1043,bc1qyvk4vlhy5y57z4qq3ytvmtwl08ps8vrk466fw6
1044,31rRbomFzQPRyptaqch7seLs3BS5Wq5fFy
1045,3QCCex1EuvvrhgBFr2ma88nsc3aNSaZkk1
1046,3DiWP3kVb8nVPs614YpzF5Ygyoc2VPezCB
1047,bc1qv2n66xz2cxleaysdx9c8zv3fk8786dg60plr87
1048,1DF7DDCR2iqprAw4Av11T85uQkJQ43bbSC
1049,38wZfdVDbf7dGx9zC18HGRPSRwuJV71FXc
1050,3G7s1aqUcbhSePD2SUVhuCMp3zamXCa8df
1051,1PzinMh6xbzkGEpGWagoWudr7H4ZYAyTmm
1052,bc1qr8zx9zfpkta5cmvua7jwm2qupe93jts40ylzd0
1053,bc1qzvls27xqe8y06sg79lpew58t7ga7ev4vf7petu
1054,17Gh4janS5wSrvwDG4u96VM8Bz7Dkf2wAV
1055,3Pkbw9hGpze8bD2xtgdqJsGS8W126eCP77
1056,1MCNx5udSzerkxYUZqH5y7yj14SfhEbmaR
1057,3CTo9uyxbFJRSRQmKVGozjJHEy8suXMT6M
1058,bc1qgwrc3ycc8f5rs3usjtr36vgmsjjyy2xtu29nh4
1059,bc1q303mn4q5w8jn89900z4kkuan0me74p50p2a2ta
1060,1GP8QqpaaAM517QDWYse5QZ5AaUmaU6oD3
1061,355bgN5rsteUSpVL8a8tuVLnf56YRoxpSp
1062,1HDGkq8wUcWywPfaC7XCzniucnARSFzGWS
1063,1FKyQtLpTwuQWz8mkX4i6ERcdbSQdYoKBP
1064,bc1q3aee63upg30vwsth8xk0jzwfkjmw0ae3lfzwvg
1065,1FiSptURVPv5AoE36pfowS1qbEL6TcPTMJ
1066,1Dx8wXTXS84yayTbP9sfL5eH3KY4hXDrmu
1067,12bPbqeDZwQpWU7cPi89Lc26QZUHT5Tqkw
1068,1BdxhjsVxHBLMDyEHZisX7yw2krjf9DtRR
1069,bc1q8zsetuwlwsufx07uf36m74rhfdd6alkcmplgrl
1070,3PoeHs9aqNh1CtqofbcDfp3ZPiawPSkHAo
1071,3FL3aL1z9y5LcSPpDAMFwausvGdt82r6Z8
1072,bc1qzwvpvrvwrpyqw9m9vrtq7x7rfjw0g6287wuzxl
1073,3C9q3SGuVmfiry3HBqRaWo6L82ijTwjXsK
1074,bc1qkfy9f0lqq7rf3w6hwktxwag6e8wgg9t0xvwa4e
1075,bc1q0che54zfne523djwesqdn75x9lg795a944vpla
1076,bc1q4mtqtwgn5n7j7d25p6h8hcxyzgn3txdh7kv92n
1077,3DUFGeoVdHer7h3XRg6H5otHMRBtzGo2NN
1078,bc1qp8ptls2xxhsaydlr0g3q4ukrj3rgepeka6am4t
1079,3A771ERcwMD4wrB85kYux8fg3eLpfifJTU
1080,3JbutneXRTnjLb8EBsF9vriQdyaJRy2Mcu
1081,1FWg2YEBkozndSXMcbvxYruebiPQ4WRM6y
1082,14PaG4APaApfaFQ8Vt8P8veeR5gT9JTG39
1083,12nQ1pFbmLpHpwZtPdFN633hTHTCAPV1fE
1084,bc1qy9u3zljj4qr3y7m675yw573f898ynsnw25ycrl
1085,bc1qvf2qepvcmu5r0cy7kjx00saxfq0tt8wy9we2ws
1086,3MDwcRR6gTQB5P5wJcN6izZb8Kz4Keu9qF
1087,bc1qsnn0u62cn50yel6dq28cz8n84mwev2xxlpkwjs
1088,39vtNbHSqhL9uwaEJmPqXMv7NokaJPRd31
1089,16fsy8VkD7XGwADPPyvjNqVkvPQjaqmCLQ
1090,bc1q8a8e5uelg3sc9zzkk22pfc7dqe9vgr0sn00n9j
1091,bc1q4ckzeggczncsfy2tzpm576z9egvvkku926m7d8
1092,3HKVAe43DheMxz8jmiKBPVCGfcDvzDUSdH
1093,1JBKHX8fAdxLDrfwXxWAdN9Vs15JZQcztR
1094,bc1qrktt4lz7n09e363masud9hk5zecz7jx0fvhuxc
1095,348kdtSUW14fpaWdJoFHmnAbRhtP7WSiTW
1096,bc1q4994ylcw3kezxd5fq0s55k9pdqxykltrzu27t2
1097,1HFFm6miNMvJ5Tkze7APuW4cbLQQX5ddK3
1098,bc1qj9k6mryqfyl9dghdwnxx29660nws90mfarld46
1099,185VZh8f2r2siYtmU5u49jW5ZN93WHZUZZ
1100,bc1qsezv8c2mua70hkcvq9d9taxvgvefe582u4m2vu
1101,3L6pRmvfcjemHcYJPv9cRVd42QNHBhWGPN
1102,17C6FiRhFzX8wiNkUc1ucDro2gAerFzFVx
1103,17FTEWkySrqu3WP6fsjVuZY8u5tWRFSCVw
1104,3Pq9MF7XLB46mBypL7JwMjn11NMdzGKfuK
1105,36PWiAdEngB7rhKTnSn1hDYnjeQQJVRTKH
1106,3HGY6Rdupf45ANgkxvVvx7KSvXhMC3HavD
1107,bc1qt4mm8u3vqpqmhwzqr6l6v5vk7qv70rk4neenz5
1108,3Qf4e6MMSnteTVE1xuMr5y5Mdimh7Ghqsy
1109,bc1ql82kxcrh664lzg6ec6uedy0lssh6n84zmhna8y
1110,12joefNtDxWcmAyo2cmocUWLjf8jmearHm
1111,bc1qpz6dn4uvzaea5cnwc5xy8476n9yzrgq0z53r4l
1112,3Q4vu4KUH9ygqE5djdPwCQFhLf7d3WZqRk
1113,bc1qc67ggjj2zqf6xdqp7crfpvjml86lxe4x5qfkhv
1114,338jEFXk8pEZReMV85yc86zT9ZKNayd3QT
1115,39zb9ozCm9D2DPZHbKgpYG2Y8JSjGQEYvZ
1116,bc1q5tqwz96tuy9mw64ulhtnztuqh0xfngde5wqhnu
1117,3H3s9Pk2NoaRsym8Fiv1jPAm95UWS8krXn
1118,bc1qjus68k3q7jzkegynq5xdyamxcsxkjk2lejkv02
1119,1FDfNSBsw8nmfSKbBCb9tVERSbm25njCaj
1120,bc1q8nyx3sm39mwv2t9jhmspdndj4thnn6ncjf8vpq
1121,bc1qwuwqj4k6fn7t6zytyenz55wwt26k9dnv9y6k5n
1122,33WnKukGy4A54HcyXBh56gRUY8tSzaxzja
1123,bc1qd79ypayqr03lmvcqc40udn6yuq4mve34ychy6a
1124,3HMaMT7preLmpZ47RsB77oSGJbCcJ6tPdj
1125,12c2vZzPoeTfFji3zzk7GzdcphQDu8db6b
1126,bc1q73uku09w88t4tqpzq6qynr8mtnanwaxwdfznapmm9x5gm6nrc33q2kvfvm
1127,bc1qlyxlrsxefakp88n82g63yg5ff8uu3pl5z8y77ppcxndsflymlu8qjrjgfs
1128,3Jn4y2NghSXvAmfmKtAodDddUNRs7RstPF
1129,bc1qshq00nxnas28nhz4p2cuvtqj88kfytw708rp4y
1130,bc1qgngxze93nd7uglqykhv9kd4u8fz8uch0xec0qw
1131,13YmoPQ9FyXybabBM9jeqB3yLGhziYM6Fq
1132,34NNDjzCymq3xLirwQNbwuFACEDa6oa6os
1133,18sZeAfNBYmfJzHqKQnfaUWBpPbMbwUdAm
1134,32mLMNtDu6aKv9fx9y8V5wUoGPKfBd2gQe
1135,bc1qsknmwm2rhcgg5jwq9l4taw9ut4lvkygggq9dhv
1136,1JwwcpL5R2ZMZmuUNisPLjs6e13jHwEwoq
1137,1DDexokp8BjDmZqWhNmk7L4r17KtH5nakq
1138,3DK7pgU9E6bXbvb6hma2YqNGV1Sd6LxDyV
1139,1GEYEDK1H8HzR5X8bFCeP7F8JXxkA2DoPD
1140,1693ZGoqmamKt9GqfAoVf5cFHgUFkKa8o6
1141,1GUUC9DEMCmxy1Ntac5P9WvyZRe2dcCWuc
1142,bc1qzrumn6542ru0xey6u36rgataz3eenjc4hw5clx
1143,3BekmN5NZzqk1eN8p58j2TvojttT2wdrPa
1144,1J33NciaUiAPKAYNse4qaASZ1UG7X34Ju
1145,bc1qxm9fvesyss37m6hrukzrrhrn9ylhp5y0zds2za
1146,bc1qzw4rlxx9a0tsg6l634p544dxpfcq8rl0emswd0
1147,bc1qlfpzvmwvdvuw5t5qwd67q5rqnxayn9q6nllazp
1148,3KM6PteeEJKkjwPi3qdi7VeQ4EnqkFEVBs
1149,1DnxVvMSNaDnjaB2W33qNMPH8nKo3boD9H
1150,bc1qvp507jfr0rtpsvkqwy6lvpr4k3k3dhshfra3ue
1151,bc1qzg2jgtgzdzsp4ftzdxr9jxz2atxlw82t85j0tc
1152,bc1qs66amua0rk5ngpkn4ejyc8h2xgmcald8t4ken4
1153,bc1qe53x5gxqte8gwhdrcy5ca6hz9glzr5gruxd572
1154,bc1qtfpmynuxz7q6l48jgmay7vrzm5elp9rhgttr9u
1155,12Mqpiqkkek8ZFDbKkqF7fKSJm2JqYR6Qw
1156,bc1qwxghd5tl6lstq63c9gsgltuf3ffw9pxgaja6ah8whgsqe0650ftse42330
1157,3FdujqXEHEx2PnTBuSncEuiBfs1H36H8Ei
1158,3D89j9YZCbBq44qyaq98w54WXCUmArq134
1159,1DvLvutrSH1spH5L1W6igPPFiXM7YJUFV1
1160,3KyqDFqii6DMeSAwyiuHUd8G6ih3cYsYrm
1161,1M3P8vyU2kAr3PBBhP7grpPMjTKKRFVhFL
1162,1ANHMwt1xZirTSCYq6tdVHFZq8FBACHjqY
1163,1GbXjXjRDdLyVkmPoJSQJsBPJbPvbSt8xr
1164,bc1qymevfsh3xl0p3ag97kqyvqp0kesvmm89tz7sfj
1165,3Kt1NAzRQrRnrcTa8FMR9ACBMr2Z5bKwJu
1166,bc1q4npl9kke2xvte32z798wyfqspnkgyhskcxcsnp
1167,bc1qvgxq97w9tscgu2hrxx4xdsq05p6sgvwzgh8j2r
1168,bc1psnya3evlfxgvqxwuw0xf7t63rkqc5369c2m2rhwpalnx543hz2tqgm8mra
1169,1G2wiPEko4mHdkN7347qDFW4TX1Pd6aSnG
1170,bc1qftvj8v4j0kk37805yvkz7x566pa9l8k9tnczgn
1171,16z1nWRJDcbgDzyQFY62Q37gGHG2duWvKS
1172,1JRToMwvDLJKapQwJ1UP5Xiz1LeKYR81E8
1173,bc1qz2nq85usfqh5q3h3lv7w93w60e5q8qwzumc45m
1174,bc1qar8d6umzcrnhwp0ngj5xg94svsdw7csnk63juy
1175,1BzPXtBfUcnumDQL5fs4JKYsLU2JULVNSL
1176,1D6u3pQzuTxByLmqB6XNKrAAeKZfZH1QZ9
1177,bc1quh53qc6wn7l2lkk7nmmws0ykuf9g40g466jflhvvlh48kp9d2r5qudldpt
1178,1GACD599R8QXreACyqP2j87Hm6USheBQ1Q
1179,bc1qs48utr8edv22jdf5eqfwd4dsvnshf73tpvj9tfpa7cp3mlaw8y3qmwyyxd
1180,1NdqsVP87fu7qRqizsis6xhu5JcyvAyfLC
1181,13V8mmn5FeBZ5cQpNrvTF8MBt9FCM5sZ78
1182,bc1qk86pxtn643yejtp8sz2dhyehwvvx6pdeq49dgm
1183,1GLM86HGDrTXupW94otRyj3dsHeDpd7VCP
1184,1AB3UNJig2oHaq1EFprB9j3qhvTEHFKaPi
1185,bc1qpl2n58ptcshqwvk3qcsg8pcjq3vayvaqnqeyrr
1186,bc1qwrmez4rydfs04v5uzgv8alzzv3hp2hygpyqq0u
1187,bc1q7fnvvs88tfnmn2vxhyuyfd2wplst62m9q2s2td
1188,bc1qu5frlyw9luh0a6y6fgs7vpmgacyknj42guntmx
1189,bc1q0cufjsz2fwz9wlu37hr49n32hdhx23s4m0gpvp
1190,bc1q8ajj0v3f4rjrlszk4gla93ksrkcfgz7ufc8etm
1191,bc1qeew8xcgncd0kkz9vzn4yhd2ur2g3qr8lgy6lca
1192,3PrE4roLemHb4zD1vJkeXE8edMyGHC47Yb
1193,35vtAwvX3ocJJ6gge7sDPSXYdCpU3sGBmF
1194,1GhS2doiBwsYCmchUJPkn6SWwz1gNkWniK
1195,bc1qktye56kl6fc66r325lxxdnkrwu67zpadwf7cdm
1196,1BestcHaNGExXQ5ZHoY1iTtNEoey8BF1kk
1197,3Q7ffreL56JfB44v2P5mkj4JJqipAyPS9d
1198,1NRZPL6uUBLn4ehSEwcmG46NFZZojcjuEs
1199,bc1qgx6ejvm4frjp8tea3mjd6t5ufd85cxp3v0q8xv
1200,bc1q02suzplsna5lj7y59z6wffncxpyuvllunxhn73
1201,bc1qk2mum0n5h9qwgssq32p6ncgkrk7k47sz0s7ahf
1202,3DsXixT42JsybiWqdHHwZeMqJzm2kgwvLE
1203,bc1qdkwt4ejhgcxgfavrwahdtcvjteq8g8zg0856he
1204,3DGxAYYUA61WrrdbBac8Ra9eA9peAQwTJF
1205,37biYvTEcBVMoR1NGkPTGvHUuLTrzcLpiv
1206,bc1qkycm7mvmmjvlatdcp54a7uzane5t32ht7fkzc8
1207,3GC4YvZYC73Fe6xRSmfCimB3GKpCKmcreT
1208,17VLaUbve9xshQuyDKpaj1V2PzrEfKGftn
1209,bc1qz283qghavh6uc0hv94cz3ud9f74ehafc5y9cxz
1210,bc1q42jxnc73lzkh9avsz0k386040mlmc5nhvz7fc9
1211,bc1q5z6vwarwqphvvylts6ffzuwv0lz2wwg5ake9kg
1212,bc1qs4rycm057lwfgjpcd0s8kt02464gnqmscmyk9s
1213,bc1qdef0ql5lm3zy73j7ugxttlwmyk97ze8ry9pafm
1214,3AGn2DHEdgETzxWRgiTzcU7vgC9J9xgNG7
1215,bc1qd7a7wpnsf96weqe4h77t4dyuc7l2ngv5u9326p
1216,bc1qjmcnej5sawqe4jh4fx7js5w4cwl0gylzn47vtt
1217,32PhJLpUJonMGDPSNoNFREoP9C6emWCbbi
1218,1Kk8MfaANvtdkddgWHheKEKMsVnkPxRF5C
1219,bc1qgmx2hmtwcnyjh3nade5j0kkhmj363lqhsp4ne2
1220,3C98X8ijXo5UjkfJMqy7cQ1ug9qA2trbcg
1221,3JK6kPjWLXh552HGbXsW2M3Nbo5pFmP4x3
1222,3MmWJ7aom6qWrbVozoiLYF7r2qEziC9oEy
1223,17FDa3JkLJotPHFDW47jgr7vkvQUQxp4sw
1224,bc1qr3408v7085xllknql80swkpu8wkd0a3jm94p6a
1225,1B5VW2mv34L149mkmRNvucGSRnM4DogoAx
1226,bc1qc945uhexgyfnevv8dmamq4hjtxwtc55dr3l5gj
1227,bc1qmqfjxzwevdnrwtulqxyzs0f9t2ceryzm68899xw6dfzm4yxrnhxsmvq7p5
1228,bc1q34ky9aqdup4edvxakykh4m2pucrs4556nnlttx
1229,39rN2FCo6w9avYuFyF6TAZTPqw5Ymkzon3
1230,3FGQshuYGyu5HAysCDQ31qwmms9ygJJpAf
1231,3CUU6eRg99JRbDtsazPGpR33R6Jcz3CcLV
1232,bc1qjeseu444pklxej6q4u7qxt2j30mk80t2t7uug5
1233,17LB2ZiD5tuNf6rn3cPPFCYEiegYciyWi5
1234,bc1qd0rqsf9hmk3hs677w997tp9nh3dyqtk9p3dpmg
1235,32rro4Hbteag8vHxmLJmFAtUenAqg6JtfL
1236,35HRhEousJ3YkgbKaL1nsrCn8ETeaZwu9A
1237,bc1qk8a5e3cy64hac0tguxg0c2d9xstc4f3jae9w5t
1238,1CxgPMvMh5LJHTH1zWRU7Wk1X3ULwWPS9a
1239,1GrjYD6KmTqHFQfbdSQLioZqEbpqv7k8kq
1240,1KyHUb8J7ubTd4Nd1Gw83ifdhH6zbJAoNj
1241,37dc9ThHpGwRPvRpN2sxckNnzPHNCgFVR1
1242,13UPgWzVEFys4WvvrjjA1ggz1U7QNBH5kw
1243,14WPi4SPE8UKkaePvJjHoHBkbS5QPPrxZ4
1244,1C7oXQ3cuWPAEMVGwSz6hV8TZYZRAcKUab
1245,3CqEipBy4qbabqG2mKjgaTEvmRu27CtdZk
1246,bc1q0gkduwux9kcgj43emjv6metx60wcky6t0f9mty
1247,bc1q98fvh7kuuyz2w2dscyr6gckz66qg9875j6yyru
1248,1Q6zcQuQfpfJNtzF8oQSJDMgsFmQDxvReh
1249,bc1qr2r3mv7v5s6ra8z4yucurhjy9un8ze3gdmvjda
1250,1ExT9f1xdwA5eD6HhvpCfKHbNjrDuCyboe
1251,1DzjCofb8NVWNycFm1D3NAdB3SfNdBzry8
1252,bc1q8klfqued2ku3sg2yu2mlymuzermlcp03d363wl
1253,3GonUD8D1LYUViJWubjcJCYBWpKrMzwsyK
1254,15evTnjwUAwXm3xDjbm33ANP6PB5y5Xkjg
1255,39qcUfccsUn5Uj328bSVbC1tP5WRNopoqo
1256,3M1pAPEk5xd3tPbG4i4Zh4MQ9pz1uTMSaF
1257,3Hzv78y5QUVoRPk1kpRZspo9fxBB4YZs98
1258,39f4gzieWpJB8mrSHdEaUb72k5vxph84jS
1259,bc1qwcd3f97rv5jmh6yw6uxty569lnz5lc0sgs3kn3
1260,1Kp7ykZ3TxkcmbjvJWMjpmGGmWcAWVvmEB
1261,3JAT3Ljrq59MMLGHxfZYyRnXwAK1LcM8vn
1262,bc1qdxcmanphhrfgw4wg9e4rs2xfgall5qephvzuax
1263,34KAA1CczzkT6XSFJAh7yDVXrpZd1ajJ1Q
1264,17fWGRVbqQTG6dgYAaDRS9LZuBaUF9NQLg
1265,13pVMjoM4SVXfjXmw4ZH79N6uAPQnMjCk5
1266,1C3PiEHAjfQ7MDPBqH9Z5M4vqEtq7UFBK8
1267,bc1qmd9yc7a0sgmww2lm68mv84tpkqtlf2n2vpnkddncrskrwny0a0sst47nd8
1268,1CV3F6Cg2rpRHJem33mtP61T5VSxHZdpeE
1269,3722UZhU9p1QXj2TjuEpgx23egRQhDkBYa
1270,3PQUMfBBRnsSTHsVjiobVzhejkjG8tNTBd
1271,3NsvyMqLxczbn3mgkdqiQtRN3gg9QqmmtW
1272,1NGEXo4oKR563AoC2owwsb4YzGAJzUSndN
1273,bc1qmdr7ztxyculs6dx5tl3qwfytcsrnazf6wcexxm
1274,bc1qlau2w96x7wy4pafca08rtp036ud3gn58syc2fw
1275,18Fw7JVn8gHWADnWBzgtd4PFYuSg3GjNL5
1276,bc1qfwyvngrw9ynk7pfp0yxnjvvf9w5vrswvpsher2
1277,bc1qms7fuse4ah6k6705wnvdvs7ey6ewtjeepnnn4y
1278,bc1qzpvh8qkcz7qre9kpw990gtx23y8u3j5qaqgdnl
1279,bc1qc3nwl7zyrkalk4uf95cxwxz8d7apqgge0dq97y
1280,17iC1uAX2TiCK6ao2GwJ8UkrcLksYjP51r
1281,bc1qr5c7dt5n9u7rgl9yzagym08mkrp63qpgrwvkh88wpesm0kf9ruyq6skuuy
1282,399jyzJQmCneFd8mzKSoxJKZJfEYafkA1A
1283,3NMHM4C6mUNhTWiy73YvRm3XTVk1GFVVGQ
1284,38b2mEoGA2zJa1F7qvp1GCL2Cy4icunCGp
1285,38zYi3Qg5Wc9aYB5xqcsCMQLqbp9iGHxWM
1286,bc1qdwte9s73ardnjcr07ngsvu39308zw95q88k65u
1287,bc1qt7rwg3g6azhcuu8agunsthqwn765hqmsj3u95f
1288,3CeMt7M31Q2L763J3fiUKfz7RxTV6xxCZa
1289,bc1q60mlmvu4tnj7j70g2uhx4ur623hssmlwxwhzqkjl4henxmd3ds0q0dfmxn
1290,bc1qvhtvrv6tfqu9fgs957vh8kt0qyzsrmc99vrmzf
1291,bc1qjhg37yswavf64ka65r2phj86en7mwhsxudxuca
1292,bc1qx8kazzqa6j430n24677xr6zs60wtc7h3skvu86
1293,bc1q42naxvdqf0uhk2vq0d9m5kls60wx8tn4cmterj
1294,1MoaPaLmZhJfq6k8rkKgqS5f7jr5bPthgp
1295,37PT2ctsY7vAakD8sM8n1dZbzVkweeABnn
1296,bc1qdnjrwxdahpngz90ephx2ng4jhhyt99pfstlzkh
1297,3DBhkD6J3tkRhrUWd4zWeNN2bAqZevddoa
1298,3P51osUMsna6uywCoSG4xMGvV5TYhPhz4A
1299,bc1q549rsu5gqaxhfq0vahv72npw8fsm93fc2hnuaf
1300,bc1qkhtfxz7325y7unqca98ejppy05uvc8schq66kn
1301,13JcUiCuvi9ZXve5Ks7pSbR8kaTDgdXpuh
1302,1KgWwXUkXNH5n9JAPuJ4Bk85nH85wPoMe4
1303,1Fj7vxRqkfHJaz1HgRNTtxAPVzBcLP3ajh
1304,1KfUsoRdCbFXy7erhEaAK9gcmkb9vvixjL
1305,1HptaqBZ4vfw4RC5NCgrxdBARNkcV2jNiS
1306,bc1qek025q8sp2y70a2xehupkcjzzfr87zy508tp42
1307,1NcBSbDmCUtHeM9sqckZJEwznQQSESC7Dt
1308,1KFdSyx6Tsb2VtFyAcvrsHGdEs8xzGPSE1
1309,bc1qus948dv73vcwyy7yv9tnnftfyj8zqzfvgggdde
1310,bc1qk66cmhq3l8yu2urat7gwrlxx5kyrhq29uw0pa0
1311,3Knt5aHd5xEt5uWGPKbUNPrf4UvsdJdpNJ
1312,3GRNaAg4VjDF6DaQyDiY8dtLGGqjaxbSo4
1313,bc1qn0yqmylhpwl0k9u2xnz7yn59rs46d4wg6x6aw8
1314,bc1qamstfga2mzgp0nrw777642e4xqjl7x0238chfp
1315,bc1qmlmts9x30a6h6fs4y2nzuu6d0wp7uwdg0j5mck
1316,36ajd9SYTf2MitMHp4nn3HvcbTKenWG5BC
1317,15BKpxAwzNG5aNZzBxPSrEPK8YTeRR68Yb
1318,1AwhgUBg7ew6jcCpiun5zJXDmJMqo38HBh
1319,3LyTR2GmYvRBJH5QgTkWUzDRNbm9tJ8x9X
1320,1ERRUzmvaprais4J37NukXn4579fypzXta
1321,198vSfEgP9iCLAc1ddfPp6TdwXmaUPiPts
1322,bc1qp039lfusaqmsk5t7au3lkusxd8vfnr44pqdluq
1323,1JgUVAvwC4zbaaDi7r6e7b67YMuuWokqau
1324,bc1qvmzxvwn83zd298egdpzy05xyq76xcnmnrpym4m
1325,bc1qzv5tgyyz2lt4v0g4yyh4vy0y6qnzx6rey86u33
1326,bc1q2lr3uelsvcqvcvdne5h78pek9qxhhcaws90nfj
1327,3ApGoQPcSNPs5fStS1jT5xfH6ecw7wjSV5
1328,bc1qqwqjs25rn0svlavlznkrzaj020frj0kju5f7cd
1329,bc1qheaccw4t6msvf2ckpgw4jaj4hekufzg0y0rh34dy92qxa70yusgs28svvp
1330,3BA8eJkidfw65sji9tW2yqb2co5nVAL7e3
1331,339KiUHD7PhHBbDcbxoRX434KjU5gScaGV
1332,1KWP72BbHzEWyy9wPqQoBg3BDi5jGEamPf
1333,1CN1Fh47pnHCjk5ztfDazLvAxvWCfnkTor
1334,3BRoJi7iomZxLgjs9vXcjLKM6BTnsPRHD6
1335,34U58eY4Jp3PFtTMsHkgUjkhuUxudy5GWy
1336,bc1qu8nt9ye6zp3zyugrqkgsgsjz8pkym64kckcnx2sgr3pj2ltrgxhstpcpt9
1337,bc1qzc8rdyrq5y2mllkm5kg224hakpqnlkqcdeuyhe
1338,3J98BQAx81KbenHWw2gv2JGWt2rZb3bcaz
1339,bc1qvxnf3nnxe65r8v6dqwdmgsexzhvdaj3lwfas9z
1340,3KCErr573EPnweaFHJQvP5FbtmfrfNJExg
1341,bc1q7c22rnrwks8przfv3vcm6673e4s2m6eqrtt35z
1342,1F7SFeHKYFuprkzaQaiN2GoHK8zHgcDnFH
1343,13L94gCum5rKj24hZ9iZmUxAcQRAtbfc5M
1344,151t2w3AARQsSCJD4sPB1k5N47fGKHxP6M
1345,3FAFqws77tdEKhGYYftLtAA9bqzKvAg181
1346,bc1qh05j95ml36pvcry9vmn96fqm223quxj5u8g9qp
1347,19k1M7Ex4bcPZYKRwo2vG3oF92SjdbmBpb
1348,bc1qr4958fdpudymez97anupaf4p9nk5dyurs3mxm82mfttuaz5w0jdsh4herx
1349,bc1qsy0eevs0qluuchat44xfnlph9gvnaud5wng5xx
1350,bc1qccs073cmvklnc3wcxcl9t2vfs26uqlud7xmyda
1351,bc1q4pxyuu46wk2elfuycvtnx6pa2qz9clev5ugjk8p93td759krt52s5h36uq
1352,38SBLpjXua7CS7HiQ6DpR5XqreqqYV7A7c
1353,3KCG8YxyQHoxf5n3aV4f38qqNfDHjX4v8n
1354,3BEJRxK6EcaVcewkPcKNPxTVcjAXtN7uk2
1355,bc1qcedjwz5q3l9ljgxjprzn2n4k5xuqqcmuty3qjq
1356,3BMEXa6PCCWwoQy52qQabs2wFc3noAuw3Q
1357,1JawYbS7KbeBizxbA3WStwKC8xESEAVzXW
1358,1BNt6Dyr29jPqELcVVEVv97ACropeyNJxn
1359,352cX9xVbi2EEvE4fndtrgS3mswmzMoZPj
1360,37Sj4R5DBTgzRcN8BcG57fEb2AHRUSWe4T
1361,3BrKFKgaQsyrricGbqEAHfK1NDNBa4ApJC
1362,3KygVWvkV3eVMXHHJaWe4t6V89T9vc7fgR
1363,3QC9WqLm4Fi8vbFbveHDonKTEvYBhf2CcP
1364,3LwT2ukzdHRHucwhBqigGPTaVVfWRaGHKe
1365,bc1qpvjvgmpv3msp4twfp3ht25zqsu7g7p2jttt2qz
1366,35gJnhPicUn1JUMUd5KxqxzUoNz2BydaiW
1367,bc1qw8avu0f56jg67fpl82n274tq28augptxwmlxfm
1368,3C4Ra7ayRFVJQR43t2fvYZQ6Ttqgc5WXck
1369,1oRZRGa1WwSs9kdEmvNgdpoFYSnDqeypg
1370,bc1qr2pkv5t32ceg8hmg7u80f5e6uqqttezj0ynju6
1371,37TyJbDWTVndt4zcsMFB9DY2Ca8rFXk4RC
1372,3F5hLeUeXEajaG8zG36v53kMbmJQ3ruwBV
1373,3648kCbRhr25v1ZeEUmx315utEYSZeyedt
1374,bc1qkhugcjgk8ph8c8t9a7ztnz3qz9728nqvnyr532
1375,39SDfmsEKbCb5QLvV9Hui7vsDmwtnPsa4L
1376,bc1qht60u5mlq4sfes6lrpnuj66mpx9akz82q3ld9r
1377,3HTGhvVxduARKdSYiZ3akrsBvAKZbwJbFQ
1378,bc1q4csfy9alq79ch4c35hvgk4en387asdfg5hhk3s
1379,bc1q0tawrypf6t7mcl5ktzddf9nn37mn5d2g8kw6ad
1380,3BpKufb3WHnAysdpLDdx3cTPErB7EN2nN7
1381,bc1qq2tu9sn8xt27s00fwy6jcux4mj89etmf9urrq8
1382,18XWfnXoLiX6K4XpUefPx4gtmgZuMF2KMg
1383,bc1qmxgrtywhdpzq3749dy728uyx47zxtapmyfyysk
1384,1D19wA62n3k9vG2BvF4jkRu3mMyqmM7Ey2
1385,326XTjHGZjVbvwMPPSVYvapNvJwqoUf5FD
1386,3GsyCXcVVcUyvP2QDMbkaUXmXvBZqeuvDQ
1387,3FWE1VL6rpv8sBiCNL5xvnWUytUs642RoF
1388,1Vv7yin8xfBE56hNBoLEGiQKykr7Q88da
1389,1BahPso7kssRvQHFPXJzwpN8aDvthK6rRK
1390,bc1qu7mmax827r3hr3m264pmuny3cfy3a7lach8qdk
1391,bc1qtr9dxp608pyrhhaqcrssf3044392y8kumj58h8
1392,bc1q6sm97xqpe35p65r43d5fpq6zflh0knqu3w3elh
1393,1JrkPEDRkdaRsrAjWERhUCpMEBHXvsqKDy
1394,3Qz21PspJQMYrcVaHd8JxrdiyCCKwSnWzA
1395,31wrujVVhf92puvwe4uE1cDgKNc4gXuQRz
1396,3Bqra89PycYuBLsL4vqsrDkoVzcYnU1Q2E
1397,1H2rLbMqmjNcGo4SwLDzkoGQfiVuu3n7Xs
1398,1Dmuiuke8cJd8Dt4T3a6hQbKi26pDafLVc
1399,3MxAviwr2agPbPDQUVBY8si1AUBwg5ocr8
1400,3KZftfHbFUQKGaegoG1Tnn1cFEbyB4mcpF
1401,bc1qntjvp44wjnxu445yewj7tuxy6zdcwrzlaylky6
1402,bc1qtq6p0u5zvl4p843rkxzeyre4jd3mdzc55f6yhx
1403,1AVyQMjUjJrUGzyNfRjU2ReX4imGJp4nbm
1404,bc1q4zp99swflzqfactgkywhyft7rzanml2q4wvvdd
1405,1Q5MwenKWnnctc4XGzQLLW8EEUpXSCFmAH
1406,bc1q0hsg6zlgzkytu8fvsd6pcz9uwqehv82dlzaqfn
1407,35SYCdjUADqpSmYnBnj8uVNQEgUUTaA1tT
1408,1NJ8vTkqmxR84E2mfBnJsKtYNycB3CrPXu
1409,1CHYKShn5M9T1CgT3Tga7MsQZdMDXTDVbB
1410,34S8kn2Zzqmgkr6gDStUykmuMEwR4aTtCQ
1411,bc1q485mdvnh2jvy7klkwrwv8jwqs46m86dlfekdgt
1412,32sVeeAnRRNjbZHkcfY9JNWJe518RHxM9Q
1413,bc1qzlq0ee60amn7adk6w85mp0djequdu7ufu4w58e
1414,bc1q9e7vgs5w98s0unejx5fhxwzeza23r6ugl8nx2c
1415,1PByPBxmgtuqnEF4MU19rEpCuZSQMRKeMA
1416,bc1qyetyjwu9pxd29psr947cegw63kvnthw0z82mxw
1417,12p9jfK1r5eKfKbW9twr9nTLHvWYYeQQ2F
1418,3Gfaz5Fp1ysZeQdsz1RAJRTJAxvb13T3KY
1419,19xvAsiDpkzab8KfrqwaP3EimYFoPiKQJT
1420,bc1qgug6rz3ytvsaqlugn4kg5pa0elu09m2r8m8rny
1421,1Cia8MnaC51fK73pv5mdbbuEbsYPbkRr7G
1422,19sRLH12cpyVne6XS1pE6o6neKYj17xgwc
1423,3MPqhuFhGxNhaWPmSDxzUjMHwUdHu4XzBs
1424,bc1qdkaulql9u7wzr83ahteyqdu6kntyflxfr60g0a
1425,376ehZpVRq1fNrjKFNXpnXKyCDW1z1c2aZ
1426,1AUK4sdF8mjhu4Mm4mUpttv9kVrVpFCiXK
1427,1Hs46v9hkzkfBT3tNYnt3ceVBJuKwZAasx
1428,38i8woKZv9jZvva1mLHzwwHKsG8qrMoDw4
1429,15sYLmXMm9pDrQ31S5fcLqAugGiRG94YYi
1430,1LG31uLMZbZu6rEeuCnk657nXTTQ3zmPqz
1431,1KRBwS7KubUDJE1xy81QVCCgLbWoAJZve3
1432,bc1qmqtrgjxzrs9namaredf3p7ljlxnuh4d4mx2vw6
1433,bc1qr2yrewa0dentzrdglzz9ky23lay2auyhhwu3th
1434,bc1qgpzle08ms6canwctaude2aze8vse7ydnyvum37
1435,bc1q55w5c8u97ngmzleayfm4evzv5ut46jrs7alrcs
1436,1BFbAEmyhXFr48Zwqe3jdYWXWtBG6N13Ts
1437,1DEa1ukgQrUBv1RHEULY1SxuiEkK2sGt7S
1438,bc1qxpy4ke4s0sxgmm8ea43727p3w65mcrktvkfwvy
1439,bc1qmp7qtlm45aqsau0ydsgaeulfrw8m3faqhs7tay
1440,1Gc7kFUnWCqQJYBpzKVUqTLJBZ2dsZBQfg
1441,bc1q6chg5h3uydde3v5rh5730v0mt0yfvr9tsf43ua
1442,14dzhHZuc2nAv8JBZrX9ruejgqQAwqaXuh
1443,3Kb3AJM1A7Aaup4yPs6L2yVnb8YeU3Nnn4
1444,3MrsNqnx1Bk7uiLF7nTApo68yfw8YVxpoG
1445,bc1q4gvgyj7fx4c3qkt9f3hwzyzdszrt9c8a79sx2w
1446,bc1q3d0vt37360mxp4hcj87hxrx4j5c8vly8km6klj
1447,36QJQt9w1HzH6Bq3XMgdjkTz22h1USu4Tn
1448,3BfPwqcGCCFNYLGzQrFk88UYnDetPhTXMe
1449,34DTQpWqUxaH5MoqoJuZjXBhpsWQHmXDxj
1450,bc1qs6cusr3rrsd0jczz2cejfqgf242p4n4mzev759
1451,bc1qfszx2t8sfcv3nr0ggkfycvglvcyeagd6v36s3q
1452,33UEGntwQj4shbZ98oWS49UhS6GwuEtmYt
1453,bc1q09edrgpcxf8093ta2edsd0k7y0prsv4g8wnln9
1454,16TczoWUeBzdRr1NGJZNm7W27VyzRxKQKv
1455,bc1q0tzv02fasa6scx78m56l26ct8q343na05sjk69
1456,1De3m4MPTT6BJH1DPyNatH3xtGKrPd3PEL
1457,bc1qm9dp5j6jzf9cktltw2f5gyff5zjg33c7zy45zr
1458,1HoruH2Ui3RBGxg61CHLmzf9rReQADdRo8
1459,3GXpQvCB4WtEpxFRdyQfjN2gzhFyS6Tr5x
1460,161V1a9fnE7PGoN2NxUqNR5GUYwroBb3HT
1461,15rngpYWcHBgbQDzMRtEYmLkJskt1nJ1bz
1462,16wridEeVJWZThArY28JymrGQdMNFE9DhV
1463,1Mspp3nejJjzoRYn7Qq5A9UHgWX9DD1TNu
1464,1MAZiQpcwzjYKjZ55HzykaUZ6bw7xWgpoM
1465,3JyHe7L1Hhm8PkqUs6nh62ZS164Tvf3M12
1466,1C1CqMooEUXpeRhAbPSRGm9GFgWyqn49vT
1467,3LsTJiANav9qPhaTedC4WiEd7uSG7uQLVc
1468,bc1qhs3gptkxem5y7yaq2yg0un2m8hae6wt87gkx4n
1469,36jRbnehUBviPPB7AsC1EzYirmNwqFqaZ7
1470,bc1q7vwaealrwgp6x48e3syjqeqseu7n4gwjuu7y5p
1471,1Nt1Mu63QxyuwUKJoRHT9sLg6rqGsDwbt1
1472,bc1q8gguj700wvpra2ym7apmjweq5545ptkzrmzrcj
1473,bc1qzhhl9zknkf30ddkj7m9gcj7qkcunh52rqlsvxh
1474,36E6QvzXrXDA5h2uucczbcyASV4KRLF6Ks
1475,13oTS6wufTdrogG8S34ic3BpcTTYkcbQwe
1476,3KUPrM1npLRaGEND3ZuktmDtFEQV2eBFFc
1477,bc1qk5497al8mp3danmcsypavwa9c0pm67gyglnz3r
1478,bc1qaxlcml3rhua2amuydzjqsvwt29qere0vffghen
1479,33A5AV7s9L1C3mYjztnEZwggAyymuseZFX
1480,3GRyzKPEF9hrUkPLc2rA5DEYKt4LZUZ2MC
1481,1AvEgLkV4i8UB7XfTwoFwhDW8UQ5Cxhxfd
1482,32eTsZY2JMQjz6YsWdo9vgjdkxPfmHmcdf
1483,1Bc41qA9kTcsodBfA49ktbbZukx6R4PiNN
1484,bc1qd9c3jqd0ka455mhuw9f28n3r6rpnj29qc72qhd
1485,1EPqMJ6ux1MTMW5kBcsG8PjJ9DHL7LyrMn
1486,3HzDGsDVqYzjoKaGcXHKAyEXekymEUD77t
1487,bc1qufvsq542as94uera7nyt0z2vhflpcte7j8k0qe
1488,38eDkCSaNr86Yp2HbR6JQimf3Fp8rKfnbY
1489,1FL18f8nHCCKq5efeAK2hBtZhVkErdQb3z
1490,13YK6amuFgiFCEfUaXJHLze9dkgHp4jnw5
1491,19XgNqWc3BeBiPdx1FBAVJ9H7UngPjrWjW
1492,3BkterNkPqQwNvvdaRz2eARDPYmU8kkYTN
1493,1PbcT5TCvWEAwUkVxgQfLmicxGsf7Ccc76
1494,1FYNQRtBo8ze6y5zV72TuaGs4AHoYPYq26
1495,396TKTUMR337AnT4DiDMkQbeomT8TXrXqN
1496,bc1qv93nr8pkd6y7q626uvved9n6z5lnh2vw2za764
1497,bc1qcnca7sp83z5g7j5f8stpky4tmy4gxeglcftk4f
1498,bc1q52w9ww5g6jm3ee3dnyhessz6gwaazzrcgpflnn
1499,bc1qj4uc8q55xlrfns252lnnhr6p7eg5sz0h7lhc2w
